PRAGMA defer_foreign_keys=TRUE;
CREATE TABLE d1_migrations(
		id         INTEGER PRIMARY KEY AUTOINCREMENT,
		name       TEXT UNIQUE,
		applied_at TIMESTAMP DEFAULT CURRENT_TIMESTAMP NOT NULL
);
INSERT INTO d1_migrations VALUES(1,'0001_v2.0.0.sql','2024-09-02 14:13:21');
INSERT INTO d1_migrations VALUES(2,'0003_57-soporte-para-passwordless.sql','2024-09-03 10:29:49');
INSERT INTO d1_migrations VALUES(3,'0004_90-marcar-como-visitada.sql','2024-09-14 15:55:10');
CREATE TABLE IF NOT EXISTS "Session" (
    "id" TEXT NOT NULL PRIMARY KEY,
    "user_id" TEXT NOT NULL,
    "expires_at" DATETIME NOT NULL,
    CONSTRAINT "Session_user_id_fkey" FOREIGN KEY ("user_id") REFERENCES "User" ("id") ON DELETE CASCADE ON UPDATE CASCADE
);
INSERT INTO Session VALUES('puzj3yg5yzefdph564udxtsriv6qlg6q5w753gzz','google-oauth2|101504708054193667330',1732960674);
INSERT INTO Session VALUES('und5aft4bjaoq3mlqkhhzqzdgmfzx73yfxkt7hfc','google-oauth2|109315482379063063159',1730152833);
INSERT INTO Session VALUES('4m2hdczywde65bieudmutmliousytr474z452qji','google-oauth2|107543678145618873347',1728143414);
INSERT INTO Session VALUES('jpoxaythwf2h5zxesaytomrpu44pegyddew4olqi','google-oauth2|107543678145618873347',1728143522);
INSERT INTO Session VALUES('zn3d7xgxmd4up4azbzhhzv4zen6gr3a7akoonp4z','google-oauth2|114609127638845553874',1728145249);
INSERT INTO Session VALUES('v4lhqcqft6pifu6sper3dba3tpufk3cntazeco2p','google-oauth2|102135074871170097220',1728145688);
INSERT INTO Session VALUES('no5y3jwjwm3pa4d63oufdvzcpomi2zcq3vc3iol4','google-oauth2|114609127638845553874',1728146055);
INSERT INTO Session VALUES('6qheermnhorvfbgwrhareulw7zir4qo4q3mjhjaj','google-oauth2|110882050616125918317',1728146572);
INSERT INTO Session VALUES('kf562wosohohliar653dztfflzj36kgzzkgevcnb','google-oauth2|108098906565629251299',1730142453);
INSERT INTO Session VALUES('smjcpcbthjujeiuds7qzko33yc3w2di7binbl2up','google-oauth2|107641782529834222246',1728148109);
INSERT INTO Session VALUES('wi52pkrsernf5qibpodqrjpvblfkshrjgtrd37ps','google-oauth2|107641782529834222246',1728148121);
INSERT INTO Session VALUES('ipwdemoclrgvwilwz3ait42ndahxkbm7aaos2zvy','google-oauth2|114588154872331009076',1728149920);
INSERT INTO Session VALUES('yocwxnwj26gm3u4d5o5zso7g35rpxbh2qbnhsh56','google-oauth2|100202973042169577730',1728158596);
INSERT INTO Session VALUES('2avoxaqafd4satm7jhc6ucxjj62c4iniolrxzfwx','google-oauth2|100202973042169577730',1728158604);
INSERT INTO Session VALUES('iuivxuqijvceokm5zxw2ttibyrd33hlkslgyfxpx','google-oauth2|112811662801049368014',1728170036);
INSERT INTO Session VALUES('kyw3awtqlra7nh2vjvhuhwv6zq74hjinej4zjrgh','google-oauth2|109008499906077438256',1728227203);
INSERT INTO Session VALUES('5y5pfmrlhx4nl3rlffsjtg2onhospyti2uqupptt','google-oauth2|106937983063448046386',1728227222);
INSERT INTO Session VALUES('3wnhndlumlevvj3lgxzx6x2dzeyrkmsg5k457eyg','google-oauth2|114578621847038298121',1728309931);
INSERT INTO Session VALUES('u2g7kdtmdwiax4ag6azcjocselcnxsyw6h27c7us','google-oauth2|103550572999459064532',1728315742);
INSERT INTO Session VALUES('2hlc4urj5ronjnlx4vgqthvd47p72kognrou4fpe','google-oauth2|103550572999459064532',1728315925);
INSERT INTO Session VALUES('umn5do3heuefonl3y57pfipe2zl4tum6i3vx6woe','google-oauth2|103550572999459064532',1728315978);
INSERT INTO Session VALUES('bo5i32oji3qfo77g6ut2hmbmujlbdaofysgd7i6v','google-oauth2|102352096109115651401',1728319590);
INSERT INTO Session VALUES('se3lhbj7bw5iwt7x6xr564i3jzqk26ndpuqensqf','windowslive|69819649bb8e9e5b',1728320357);
INSERT INTO Session VALUES('jvfatejvid7sazm62veeqgwgrqdhodnz4wuccxj7','windowslive|ded7012d5dbf2235',1728320501);
INSERT INTO Session VALUES('pquud2nljwzpvru2v5rn27fsut2p2rikssxheran','google-oauth2|100777311606063687140',1728325950);
INSERT INTO Session VALUES('bpzovjolawqadyav4p7jhfylojkds6azikn7nysu','google-oauth2|100777311606063687140',1728325957);
INSERT INTO Session VALUES('hp3mp7ldfmcqjbiccveht5mlbkhqdptdncr57bro','google-oauth2|115817027658363168738',1728326693);
INSERT INTO Session VALUES('kbbgukyj22pmh4hsbvmwcgiylhce4sv2z7cwh23l','google-oauth2|110212983681661342001',1728327963);
INSERT INTO Session VALUES('neqegaeolxtznonocsxa3ufwkqcmnocuabpbutcr','google-oauth2|107131868770766773958',1728327974);
INSERT INTO Session VALUES('bon2bdm4zm6lf2zx4rajrgaqcy5t5e4khkxc6n6z','google-oauth2|107131868770766773958',1728327983);
INSERT INTO Session VALUES('zllvllvpr3g5t5dzqzdlpjfkasu5b4k45hnwsxh6','google-oauth2|101859524627651159134',1728328002);
INSERT INTO Session VALUES('vdalmfvrnu2dki24sa2t665yeka2myqc22r64rcr','google-oauth2|114521542986433553467',1728328173);
INSERT INTO Session VALUES('6ritc2hulomkwbfkzuyken7vyhkwtrmc5kmuubt7','google-oauth2|114521542986433553467',1728328190);
INSERT INTO Session VALUES('75cgrav42v3g4hgplqmc7olrdybwpulrauklr7l4','google-oauth2|113474694411892373065',1728328298);
INSERT INTO Session VALUES('bu6jnyqesczy7foyavw4mqn4dihhxnza7ddg6sy7','google-oauth2|113474694411892373065',1728328305);
INSERT INTO Session VALUES('c4ud4ffmrclaxzvncn5wxvqjmhxw7zygquzurhjf','windowslive|3cabc400f20c2bd4',1728328460);
INSERT INTO Session VALUES('qrhjupoer2or4y5nkyjtdqvazh463vftvohcnlmx','windowslive|3cabc400f20c2bd4',1728328467);
INSERT INTO Session VALUES('ivau7ae3ejca3f3v2ie65j67rs6sz3rtlncdkmkr','google-oauth2|103588638910377804887',1729877800);
INSERT INTO Session VALUES('n5jfaabcrsjoc4ukreeqp2lc4cqdbvl2lu5g2igj','google-oauth2|100965716650149123160',1728329489);
INSERT INTO Session VALUES('k42ki4fflbma3x2dcerrj3y66o3iq6glms7nb7oa','google-oauth2|108763211567151141067',1728330751);
INSERT INTO Session VALUES('7a643a5vjkopp626tqxgjpq566c6r3echilqteza','google-oauth2|105833940015837332909',1728330943);
INSERT INTO Session VALUES('duwnpsqruhwq2vrlrej2ci5nwhbtv3cvcpc4gifz','google-oauth2|109724296803449340280',1728339845);
INSERT INTO Session VALUES('gza74jbxe4i47nzoxeghp5xduyrftksrl44rfmod','google-oauth2|109724296803449340280',1728339853);
INSERT INTO Session VALUES('yk5przxztmd74tbmpkdcwk7wzjpcoykj7edojbxx','google-oauth2|100932822476997826415',1728340546);
INSERT INTO Session VALUES('7nmx2xofjoqfgxcca4tlqncc3hzz7s7d6yoqhtjy','google-oauth2|100932822476997826415',1728340557);
INSERT INTO Session VALUES('w56tpj3qu6qjd4cyqiuusozxqjweqmiuabbchchp','google-oauth2|100932822476997826415',1728340604);
INSERT INTO Session VALUES('w5mvq4nz227ykpupguvzwjc65qc2zqermgks5cvs','google-oauth2|111322389439024292354',1728341068);
INSERT INTO Session VALUES('pdeyuqjy6irgcwzdjijwucsqda32dj4tiiwvgocs','google-oauth2|111322389439024292354',1728341077);
INSERT INTO Session VALUES('lxe2je324u4cytcq5gmqxhln7kjhi7mghrqdloxv','google-oauth2|109582527990246510718',1728341470);
INSERT INTO Session VALUES('g7mnux45prowoozejfkuyc324cmzsx6laikaz63p','google-oauth2|112140042793742757226',1728344668);
INSERT INTO Session VALUES('edvi4i5vlirkkuxzmy5laaeovlujwm4kxz4sjp5o','google-oauth2|112140042793742757226',1728344672);
INSERT INTO Session VALUES('uw5xqsbr5bclcibiv36yncgwxrixyltyx2fapujf','google-oauth2|111518151990301966222',1728344966);
INSERT INTO Session VALUES('hlhodhbswhabgc5dchyhzz3y6cfbdarcuseziwz2','google-oauth2|105832137330928624690',1728359498);
INSERT INTO Session VALUES('uxlaur4u6jxhbzgxdal6ne2jh4xbvbnh2qhmpdbz','google-oauth2|105832137330928624690',1728359705);
INSERT INTO Session VALUES('u6w4d6h6agtgrkqnobnzqcepregymvpg5nlnsauh','google-oauth2|105832137330928624690',1728360033);
INSERT INTO Session VALUES('ppcixu4se7jym2y5a5bc575xt3rbgnpeoebvd3kr','google-oauth2|105980861178437110922',1728364074);
INSERT INTO Session VALUES('xfnwiy5aq3h77yava6jmdqchuwlrwgk2yrjlegjk','google-oauth2|116008040225096604094',1730280745);
INSERT INTO Session VALUES('gwxyy2jcrkkohuvic23ge4rvpckauuwpkc43ibha','google-oauth2|112907068811992143823',1728372456);
INSERT INTO Session VALUES('wwrtqm7kdmto2i2nsmh23mcethwx5w22j7afnd3u','google-oauth2|112907068811992143823',1728372460);
INSERT INTO Session VALUES('thjzibdh2gvihqo7ztfn5ss5uecmqsav76hpuqfh','google-oauth2|112441836777071233414',1728373048);
INSERT INTO Session VALUES('topbd2clsrdakdas3f7cdsyfv5llxxvlvp2alrry','google-oauth2|112441836777071233414',1728373054);
INSERT INTO Session VALUES('3opnj2ntpntq2g5oqbhwmwtztbxtc2bj3wefqavz','google-oauth2|107082958523381576491',1728377338);
INSERT INTO Session VALUES('atkj5aznre3rrogpjh36bjtz4pdevzgenmijs2or','windowslive|6f556e05b47ec89e',1728379505);
INSERT INTO Session VALUES('3j32zwba6ckclczeb7ty4sxvv2x4oeegdgjfoaen','google-oauth2|116938703750093170034',1728380975);
INSERT INTO Session VALUES('j7mnapgsvfmmuinlzrbbchcuoy7aygjjm56hu2ry','google-oauth2|115745414005612030148',1728381501);
INSERT INTO Session VALUES('plvj5lvushptoqkttbrqnst3m3lrv7f4xjfcthlz','google-oauth2|105817263497980622672',1728385092);
INSERT INTO Session VALUES('oizzwt5vyk5vv7wlcdkaeq5myyyetgmse5ypnsly','google-oauth2|102617604544714125372',1728387031);
INSERT INTO Session VALUES('vkxufj2ehmwzwjkvo6y4izfe5s6ree3oqdk35c2r','google-oauth2|109734625965455873760',1728388660);
INSERT INTO Session VALUES('zzq7mnuziguzz57vtgbft3kbj3ghf4hhm7p4wkj3','google-oauth2|114841162893839735330',1728389033);
INSERT INTO Session VALUES('j3rsvfokw26fbuyxs44pem6g63afpeldzn4tokdo','google-oauth2|115386745158487386248',1728390343);
INSERT INTO Session VALUES('flfvksjputbpy72gryttint45pas5soo5dkxjtnc','google-oauth2|101283017250996000337',1728390468);
INSERT INTO Session VALUES('3dh26zna4ynbw444gopbukz2v5perh2upjrtr3jp','google-oauth2|104265303182233776112',1728391525);
INSERT INTO Session VALUES('4b443zndvym6gklermog5etamc5e7mk4f63lpn3g','google-oauth2|112642585563856417666',1728391597);
INSERT INTO Session VALUES('ebosl7plhevrlsnp6rsictd7dfdmucifpoypmp7a','google-oauth2|103229962297652174272',1728391935);
INSERT INTO Session VALUES('7jcvtssf33a7v2mlndh7pf5rnaoflruatzteazcs','google-oauth2|106899921611826098652',1728393475);
INSERT INTO Session VALUES('qtkvihgpktsomz4odhccdwqjguxo26xfsrjzqute','google-oauth2|112118855523499273881',1728396564);
INSERT INTO Session VALUES('yzx6ggyvrjbglu6lnxh4zvizq4vt7cr5amzugve5','google-oauth2|114300227124805500825',1731939952);
INSERT INTO Session VALUES('ufbbmlkkwv4qkxf2wc4vvh2ogeczdokn4ziqga2t','google-oauth2|114636628177042347946',1728403298);
INSERT INTO Session VALUES('f4tzcykmmv5yogcg2nnwulfewn4urmtnouqvz2z3','google-oauth2|114636628177042347946',1730825100);
INSERT INTO Session VALUES('wzmuegxjgxbmucwu5neamyztlomriivpa7gakl6m','google-oauth2|109960628803904430618',1728403521);
INSERT INTO Session VALUES('i2hewyip3zww2xj6m7ip3cqimmrrvuzdp5seybvf','google-oauth2|112307824382057588683',1728407657);
INSERT INTO Session VALUES('6ykjjvwqwwaajkinnv7g7kdvimikcsok5airu4z3','google-oauth2|112307824382057588683',1728407664);
INSERT INTO Session VALUES('kz47gzfr4k3ayaeh4yixrldyhgdof3wcm7c337kz','google-oauth2|112307824382057588683',1728407666);
INSERT INTO Session VALUES('df4woxqfsqs6pyv35dj75l7rjzoyot4ivrdehvqq','google-oauth2|112307824382057588683',1728407690);
INSERT INTO Session VALUES('tq7qufehf7bpkmts2rbcbege2vaecdvc5dchz7cj','google-oauth2|112307824382057588683',1728407786);
INSERT INTO Session VALUES('pgeb25xtysroqgqxkslb5p26f5pblsbnnp4wvp6p','google-oauth2|112307824382057588683',1728407810);
INSERT INTO Session VALUES('uuanceolfulsblecwgng3ifnrntbecc6ygtal4b4','google-oauth2|115335451505105747660',1728407888);
INSERT INTO Session VALUES('lm45mm5mtqneeah4qee2fe64s5d4spft6dmhigvz','google-oauth2|118077651108626909648',1730912290);
INSERT INTO Session VALUES('jwnfw7qgyswqc5ra3h6vl2ojvrse2oxrl2q7fjlz','google-oauth2|112576436949895148086',1728412855);
INSERT INTO Session VALUES('wt7v46hqo3mumrjewxl72hieqiug3jox4ohnieyc','google-oauth2|112576436949895148086',1728412882);
INSERT INTO Session VALUES('o24dptvb4jlura5uc4jquxhhvaaflgldey7o7s5t','google-oauth2|100574528529906618769',1728457832);
INSERT INTO Session VALUES('vjkgjp5nvcqsarbuk4nma3fkl27ovu7bikb3vrvx','google-oauth2|114588154872331009076',1728458996);
INSERT INTO Session VALUES('w37vb5e3niuusqnutfdyz7drgoupqsgd6plm3oic','google-oauth2|109703437218615022641',1728488737);
INSERT INTO Session VALUES('3ansouxakh7et4fgx5xa2jttb36k7onf5paix7f5','google-oauth2|104087270005866273163',1728488951);
INSERT INTO Session VALUES('n4l6b5irgql6clk77o57e6mbazuvy7nx3wbfyq6u','google-oauth2|118088665557123852525',1728507866);
INSERT INTO Session VALUES('sjy4lgwaglbibtnohxqr3nyuqyfsaslh4ssurnsn','google-oauth2|102272674543321088987',1728510976);
INSERT INTO Session VALUES('65peyp3cx5j7gvbzyqsukvjr3q7jq25iw45dom7s','google-oauth2|103469789179414180335',1728557569);
INSERT INTO Session VALUES('dn5ic3tcfunvuznargatxvxybjwymzxzymhrbs5v','google-oauth2|107547206300451059500',1728632857);
INSERT INTO Session VALUES('2onslrtevzqb7mhweswku3mzhkf75eja6j3scffq','google-oauth2|107183929362529295481',1728674694);
INSERT INTO Session VALUES('v7xf25p4ygi5dwrai242pwathzl3wtibksxsl6ql','google-oauth2|111871620634721174328',1728763978);
INSERT INTO Session VALUES('iwkt2z4lxiw3sr7cghqotegvgi5zduwh2xlkcfgl','google-oauth2|110272568822480107103',1730233018);
INSERT INTO Session VALUES('7uxc3nik4zrsj4pnpxixd3kxkusxlcud5jwuewpi','google-oauth2|112408720889982915362',1728814152);
INSERT INTO Session VALUES('u6gx7upj2kcrimy5oaiasdxl7z5ykjmh65hstnlc','google-oauth2|107574870698004538227',1728828039);
INSERT INTO Session VALUES('3yzabxjoh2cxm7rxafcmlrb2hp626lko56auozkz','google-oauth2|116013211202686631275',1728837997);
INSERT INTO Session VALUES('lcu5jir2zjwzsj256jxei2fxcvh2fvc5ug6dwr3r','google-oauth2|111719276593144315161',1728941529);
INSERT INTO Session VALUES('3zhmuprf2hrcwaeiqyoqn2w75hwo6gsm5ud3gd3r','google-oauth2|101854096859156202937',1729011094);
INSERT INTO Session VALUES('fbrayutc7n3ztrn4s5e22medy4wv3hfk3uyxlhyt','google-oauth2|101854096859156202937',1729026287);
INSERT INTO Session VALUES('57pdbqabtit4husgm2b24ix6kkjflx2i2oqpweah','google-oauth2|112118855523499273881',1731437039);
INSERT INTO Session VALUES('jmnmnvsq5bqzvcg55dmtyvxbvvdm7xzodd3p5rh7','google-oauth2|105833940015837332909',1731935263);
INSERT INTO Session VALUES('bpgdzj6ck4aydz3hvylx24n5rhgxqqsup6knxtbo','google-oauth2|101504708054193667330',1758208529);
INSERT INTO Session VALUES('tdtza5om5u47jkzthcctsv6czjffgqqla3xxe4ic','google-oauth2|118132997052185431996',1758799395);
INSERT INTO Session VALUES('dtjsdmx4ksi7iqg6clkxnejudd5id3cgat2ifala','google-oauth2|100777311606063687140',1759141175);
INSERT INTO Session VALUES('qmif2nrnlahucphdhmc54m4zddbsi6jnjizy5jqw','google-oauth2|100777311606063687140',1759141180);
INSERT INTO Session VALUES('rsfdetprlgszp3vsyyc7ula7hrk3gwd6q66cwka5','google-oauth2|109087518970122361035',1759141264);
INSERT INTO Session VALUES('qzmuagrsnxxczlyiklmsyitb6s55eoqxl7nhm3sg','google-oauth2|114578621847038298121',1759141581);
INSERT INTO Session VALUES('2nlswcu4k2f2bwiby2ylp6qpxczitd3qgpgoxbik','google-oauth2|112478611190602722424',1759143468);
INSERT INTO Session VALUES('jxxjzqqyeaneaai5h7tpouy5vdufldrs6t2yzyly','google-oauth2|112140042793742757226',1759143507);
INSERT INTO Session VALUES('taej64remw3krocneehpbbhp6ehsh2htt2fnuqjt','google-oauth2|105833940015837332909',1759146341);
INSERT INTO Session VALUES('izsgjzddtmassiagomhmm4rpogjj3zayrj35y4ix','google-oauth2|111871620634721174328',1759149941);
INSERT INTO Session VALUES('lq3v5ch7fkjhja3cnxq27r4ayoouyrzalp5wbjcp','google-oauth2|105832137330928624690',1759153729);
INSERT INTO Session VALUES('akxys6be5vx7aht2bp2mfrblcz4ps2iunj7z4f5i','google-oauth2|105832137330928624690',1759153736);
INSERT INTO Session VALUES('xdaocdovrsv6g6525e7yrqq6fzpq6qg7yvbjdzkb','google-oauth2|103197441182942466518',1759162617);
INSERT INTO Session VALUES('cyvzfnpfelyunwidewbkl3duhaklm7yijap4jwnv','google-oauth2|113823846399030341881',1759163254);
INSERT INTO Session VALUES('wcozjryrjuprxfavvv3wcxih6arjnmrnc4eko2kd','google-oauth2|108098906565629251299',1759164930);
INSERT INTO Session VALUES('fgoduow3thkmlcrcyzwyjp6vnezldxcryuyrezlw','google-oauth2|106937983063448046386',1759172480);
INSERT INTO Session VALUES('qiimhsp6pn2ntxgklbsafnjlzil2cuukgljdgkt4','google-oauth2|106937983063448046386',1759172493);
INSERT INTO Session VALUES('ofco7up2evhohjnse2bgooclsqt3b44pqsekrl3t','google-oauth2|114398174217494601644',1759237284);
INSERT INTO Session VALUES('sjd7voxzo4s7ckq4ty5yoonlozhvwza6pylalgvy','google-oauth2|101504708054193667330',1759331438);
CREATE TABLE IF NOT EXISTS "Gang" (
    "id" INTEGER NOT NULL PRIMARY KEY AUTOINCREMENT,
    "name" TEXT NOT NULL,
    "latitude" REAL NOT NULL,
    "longitude" REAL NOT NULL,
    "status" TEXT NOT NULL DEFAULT 'PENDING'
);
INSERT INTO Gang VALUES(4,'KPY',41.50787831456103,-4.46148416401229,'VALIDATED');
INSERT INTO Gang VALUES(5,'ALOK2',41.50992742435137,-4.455106258392335,'VALIDATED');
INSERT INTO Gang VALUES(6,'ALOK2',41.50992742435137,-4.455106258392335,'REFUSED');
INSERT INTO Gang VALUES(7,'EL CLAVO',41.50946244245538,-4.459784030914308,'VALIDATED');
INSERT INTO Gang VALUES(8,'La Peña',41.50911801568895,-4.459996814121042,'VALIDATED');
INSERT INTO Gang VALUES(9,'Tembleke y Amareyu',41.50884591217311,-4.460570132450812,'VALIDATED');
INSERT INTO Gang VALUES(10,'Sawatakis ',41.50822347347358,-4.452874660491944,'REFUSED');
INSERT INTO Gang VALUES(11,'Sawatakis',41.50797455005522,-4.453706145286561,'VALIDATED');
INSERT INTO Gang VALUES(12,'La Tribu',41.51012389303492,-4.459408521652223,'VALIDATED');
INSERT INTO Gang VALUES(13,'Las Nomadas',41.50962554725057,-4.458614587783814,'VALIDATED');
INSERT INTO Gang VALUES(14,'La movida',41.50774576008232,-4.459757208824159,'VALIDATED');
INSERT INTO Gang VALUES(15,'Las druidas',41.50841533912319,-4.455306007944274,'VALIDATED');
INSERT INTO Gang VALUES(16,'Skpa-2',41.51018482094923,-4.45850751901872,'VALIDATED');
INSERT INTO Gang VALUES(17,'Talanquera',41.50881114002722,-4.455020651021322,'VALIDATED');
INSERT INTO Gang VALUES(18,'',41.5087184580338,-4.45173740386963,'REFUSED');
INSERT INTO Gang VALUES(19,'',41.5087066056535,-4.451855421066285,'REFUSED');
INSERT INTO Gang VALUES(20,'Kalikeños ',41.50887549189768,-4.451887607574464,'VALIDATED');
INSERT INTO Gang VALUES(21,'Urukay ',41.50887505512292,-4.460889101028443,'VALIDATED');
INSERT INTO Gang VALUES(22,'El Chamizo',41.51079567654251,-4.461575746536256,'VALIDATED');
INSERT INTO Gang VALUES(23,'La Tregua',41.50930380948274,-4.458351970746298,'VALIDATED');
INSERT INTO Gang VALUES(24,'Las chicas ',41.50797427692041,-4.457756280899049,'VALIDATED');
INSERT INTO Gang VALUES(25,'Los Bugas',41.51132469940838,-4.458534121513368,'VALIDATED');
INSERT INTO Gang VALUES(26,'El K-OS',41.51071440160644,-4.461168050765992,'VALIDATED');
INSERT INTO Gang VALUES(27,'La Babrera',41.50921165347292,-4.453252851963044,'REFUSED');
INSERT INTO Gang VALUES(28,'La Unión ',41.50758152474093,-4.454703927040101,'VALIDATED');
INSERT INTO Gang VALUES(29,'El Desmadre ',41.50870875360579,-4.459301233291627,'REFUSED');
INSERT INTO Gang VALUES(30,'Oasis',41.51016007067275,-4.458925724029542,'VALIDATED');
INSERT INTO Gang VALUES(31,'13 la víspera ',41.50857654551956,-4.457836977930866,'VALIDATED');
INSERT INTO Gang VALUES(32,'La Farándula',41.5097020979003,-4.459033012390138,'VALIDATED');
INSERT INTO Gang VALUES(33,'La Gres-k ',41.50804646826436,-4.456275060023614,'VALIDATED');
INSERT INTO Gang VALUES(34,'La Babrera',41.50926021433555,-4.453336000442506,'VALIDATED');
INSERT INTO Gang VALUES(35,'El k-pote',41.50952132771563,-4.460384845733643,'REFUSED');
INSERT INTO Gang VALUES(36,'La Fusión ',41.50749666716214,-4.459161758422852,'VALIDATED');
INSERT INTO Gang VALUES(37,'Badulake',41.50862767814304,-4.456400033141109,'VALIDATED');
INSERT INTO Gang VALUES(38,'Lo que faltaba ',41.51035688345478,-4.456801414489747,'VALIDATED');
INSERT INTO Gang VALUES(39,'El K-pote',41.50944933754756,-4.460266828536988,'REFUSED');
INSERT INTO Gang VALUES(40,'Los Nicks',41.50917314027112,-4.458287358283997,'VALIDATED');
INSERT INTO Gang VALUES(41,'Andeandara',41.51009577357378,-4.459311962206363,'REFUSED');
INSERT INTO Gang VALUES(42,'Peña 1521',41.50881920912516,-4.451394081115724,'VALIDATED');
INSERT INTO Gang VALUES(43,'El K-os',41.50991425230015,-4.456822872161866,'VALIDATED');
INSERT INTO Gang VALUES(44,'El Desmadre',41.50871300068093,-4.459374436855796,'VALIDATED');
INSERT INTO Gang VALUES(45,'CachiBaches',41.50921036758067,-4.456410822058388,'VALIDATED');
INSERT INTO Gang VALUES(46,'Psicodélico ',41.50998329496207,-4.4584858417511,'VALIDATED');
INSERT INTO Gang VALUES(47,'Andeandara ',41.51003150018472,-4.459226131524241,'VALIDATED');
INSERT INTO Gang VALUES(48,'El K-pote',41.50942959464227,-4.46021318435669,'VALIDATED');
INSERT INTO Gang VALUES(49,'El burladero',41.50944793195666,-4.453883171081544,'VALIDATED');
INSERT INTO Gang VALUES(50,'Contenta me tienes',41.50789176094931,-4.459022908293657,'VALIDATED');
INSERT INTO Gang VALUES(51,'PIRATAS',41.51001459782578,-4.457714182899342,'VALIDATED');
INSERT INTO Gang VALUES(52,'Los indecisos',41.50955811081169,-4.458759888361464,'VALIDATED');
INSERT INTO Gang VALUES(53,'La Charrancha ',41.50976176470978,-4.458111855321954,'VALIDATED');
INSERT INTO Gang VALUES(54,'La Anaskardia ',41.50804099542041,-4.45850937759811,'VALIDATED');
INSERT INTO Gang VALUES(55,'AZTECAS',41.50833003489456,-4.461253881454469,'VALIDATED');
INSERT INTO Gang VALUES(56,'El monton',41.50717054058363,-4.462925220322252,'VALIDATED');
INSERT INTO Gang VALUES(57,'La Viga',41.50987113813033,-4.460610151290894,'PENDING');
INSERT INTO Gang VALUES(58,'KasKau',41.50969687769008,-4.461474493145944,'VALIDATED');
INSERT INTO Gang VALUES(59,'Los Rebeldes ',41.50824980695401,-4.460012018680573,'VALIDATED');
INSERT INTO Gang VALUES(60,'El corralito',41.50886368328586,-4.454266391694547,'VALIDATED');
INSERT INTO Gang VALUES(61,'Los de siempre ',41.51013232393657,-4.455519318580628,'VALIDATED');
INSERT INTO Gang VALUES(62,'La talanquera ',41.51128565712153,-4.458080927397533,'VALIDATED');
INSERT INTO Gang VALUES(63,'La bodega de Raúl',41.50728720577583,-4.45971965789795,'PENDING');
CREATE TABLE IF NOT EXISTS "Notification" (
    "id" INTEGER NOT NULL PRIMARY KEY AUTOINCREMENT,
    "title" TEXT NOT NULL,
    "body" TEXT NOT NULL,
    "type" TEXT,
    "addedByUserId" TEXT,
    "reviewedByUserId" TEXT,
    "relatedGangId" INTEGER,
    "status" TEXT NOT NULL DEFAULT 'PENDING',
    "createdAt" DATETIME NOT NULL DEFAULT CURRENT_TIMESTAMP,
    CONSTRAINT "Notification_addedByUserId_fkey" FOREIGN KEY ("addedByUserId") REFERENCES "User" ("id") ON DELETE SET NULL ON UPDATE CASCADE,
    CONSTRAINT "Notification_reviewedByUserId_fkey" FOREIGN KEY ("reviewedByUserId") REFERENCES "User" ("id") ON DELETE SET NULL ON UPDATE CASCADE,
    CONSTRAINT "Notification_relatedGangId_fkey" FOREIGN KEY ("relatedGangId") REFERENCES "Gang" ("id") ON DELETE SET NULL ON UPDATE CASCADE
);
INSERT INTO Notification VALUES(8,'Nueva peña','Se ha añadido una nueva peña: KPY','gang-added','google-oauth2|101504708054193667330','google-oauth2|101504708054193667330',4,'VALIDATED','2024-09-05T15:13:39.579+00:00');
INSERT INTO Notification VALUES(9,'Nueva solicitud de miembro','Cece ha solicitado unirse a la peña KPY','gang-member-request','google-oauth2|101504708054193667330','google-oauth2|101504708054193667330',4,'VALIDATED','2024-09-05T15:13:40.439+00:00');
INSERT INTO Notification VALUES(10,'Nueva peña','Se ha añadido una nueva peña: ALOK2','gang-added','google-oauth2|109315482379063063159','google-oauth2|101504708054193667330',5,'VALIDATED','2024-09-05T15:33:29.660+00:00');
INSERT INTO Notification VALUES(11,'Nueva solicitud de miembro','Carlamp ha solicitado unirse a la peña ALOK2','gang-member-request','google-oauth2|109315482379063063159','google-oauth2|101504708054193667330',5,'VALIDATED','2024-09-05T15:33:30.093+00:00');
INSERT INTO Notification VALUES(12,'Nueva peña','Se ha añadido una nueva peña: ALOK2','gang-added','google-oauth2|109315482379063063159','google-oauth2|101504708054193667330',6,'REFUSED','2024-09-05T15:33:39.821+00:00');
INSERT INTO Notification VALUES(13,'Nueva solicitud de miembro','Carlamp ha solicitado unirse a la peña ALOK2','gang-member-request','google-oauth2|109315482379063063159','google-oauth2|101504708054193667330',6,'REFUSED','2024-09-05T15:33:40.227+00:00');
INSERT INTO Notification VALUES(14,'Nueva peña','Se ha añadido una nueva peña: EL CLAVO','gang-added','google-oauth2|107543678145618873347','google-oauth2|101504708054193667330',7,'VALIDATED','2024-09-05T15:56:51.942+00:00');
INSERT INTO Notification VALUES(15,'Nueva solicitud de miembro','JAVIER MARTIN SANZ ha solicitado unirse a la peña EL CLAVO','gang-member-request','google-oauth2|107543678145618873347','google-oauth2|101504708054193667330',7,'VALIDATED','2024-09-05T15:56:52.332+00:00');
INSERT INTO Notification VALUES(16,'Nueva solicitud de miembro','Nuria Campo ha solicitado unirse a la peña KPY','gang-member-request','google-oauth2|114609127638845553874','google-oauth2|101504708054193667330',4,'VALIDATED','2024-09-05T16:22:48.326+00:00');
INSERT INTO Notification VALUES(17,'Nueva solicitud de miembro','Raquel S ha solicitado unirse a la peña KPY','gang-member-request','google-oauth2|102135074871170097220','google-oauth2|101504708054193667330',4,'VALIDATED','2024-09-05T16:28:38.779+00:00');
INSERT INTO Notification VALUES(18,'Nueva solicitud de miembro','Jesus BM ha solicitado unirse a la peña KPY','gang-member-request','google-oauth2|110882050616125918317','google-oauth2|102135074871170097220',4,'VALIDATED','2024-09-05T16:43:52.549+00:00');
INSERT INTO Notification VALUES(19,'Nueva solicitud de miembro','Juan Velasco  ha solicitado unirse a la peña KPY','gang-member-request','google-oauth2|108098906565629251299','google-oauth2|114609127638845553874',4,'VALIDATED','2024-09-05T17:01:04.940+00:00');
INSERT INTO Notification VALUES(20,'Nueva solicitud de miembro','Nerea Bermejo ha solicitado unirse a la peña KPY','gang-member-request','google-oauth2|107641782529834222246','google-oauth2|108098906565629251299',4,'VALIDATED','2024-09-05T18:40:14.331+00:00');
INSERT INTO Notification VALUES(21,'Nueva solicitud de miembro','Rubén Martín González ha solicitado unirse a la peña KPY','gang-member-request','google-oauth2|100202973042169577730','google-oauth2|114609127638845553874',4,'VALIDATED','2024-09-05T20:03:53.219+00:00');
INSERT INTO Notification VALUES(22,'Nueva solicitud de miembro','Seven ha solicitado unirse a la peña ALOK2','gang-member-request','google-oauth2|112811662801049368014','google-oauth2|109315482379063063159',5,'VALIDATED','2024-09-05T23:14:31.129+00:00');
INSERT INTO Notification VALUES(23,'Nueva solicitud de miembro','Miriam  ha solicitado unirse a la peña ALOK2','gang-member-request','google-oauth2|106937983063448046386','google-oauth2|109315482379063063159',5,'VALIDATED','2024-09-06T15:07:27.602+00:00');
INSERT INTO Notification VALUES(24,'Nueva peña','Se ha añadido una nueva peña: La Peña','gang-added','google-oauth2|109008499906077438256','google-oauth2|101504708054193667330',8,'VALIDATED','2024-09-06T15:08:43.766+00:00');
INSERT INTO Notification VALUES(25,'Nueva peña','Se ha añadido una nueva peña: Tembleke y Amareyu','gang-added','google-oauth2|114578621847038298121','google-oauth2|101504708054193667330',9,'VALIDATED','2024-09-07T14:06:31.879+00:00');
INSERT INTO Notification VALUES(26,'Nueva solicitud de miembro','natalia ha solicitado unirse a la peña Tembleke y Amareyu','gang-member-request','google-oauth2|114578621847038298121','google-oauth2|101504708054193667330',9,'VALIDATED','2024-09-07T14:06:32.324+00:00');
INSERT INTO Notification VALUES(27,'Nueva solicitud de miembro','Luis Recio ha solicitado unirse a la peña Tembleke y Amareyu','gang-member-request','google-oauth2|103550572999459064532','google-oauth2|114578621847038298121',9,'VALIDATED','2024-09-07T15:46:55.900+00:00');
INSERT INTO Notification VALUES(28,'Nueva peña','Se ha añadido una nueva peña: Sawatakis ','gang-added','google-oauth2|102352096109115651401','google-oauth2|101504708054193667330',10,'REFUSED','2024-09-07T16:48:18.741+00:00');
INSERT INTO Notification VALUES(29,'Nueva solicitud de miembro','Sawa ha solicitado unirse a la peña Sawatakis ','gang-member-request','google-oauth2|102352096109115651401','google-oauth2|101504708054193667330',10,'REFUSED','2024-09-07T16:48:19.127+00:00');
INSERT INTO Notification VALUES(30,'Nueva peña','Se ha añadido una nueva peña: Sawatakis','gang-added','google-oauth2|102352096109115651401','google-oauth2|101504708054193667330',11,'VALIDATED','2024-09-07T16:51:27.780+00:00');
INSERT INTO Notification VALUES(31,'Nueva solicitud de miembro','Sawa ha solicitado unirse a la peña Sawatakis','gang-member-request','google-oauth2|102352096109115651401','google-oauth2|101504708054193667330',11,'VALIDATED','2024-09-07T16:51:28.122+00:00');
INSERT INTO Notification VALUES(32,'Nueva peña','Se ha añadido una nueva peña: La Tribu','gang-added','windowslive|69819649bb8e9e5b','google-oauth2|101504708054193667330',12,'VALIDATED','2024-09-07T17:00:13.722+00:00');
INSERT INTO Notification VALUES(33,'Nueva solicitud de miembro','Elisa Real Pérez ha solicitado unirse a la peña La Tribu','gang-member-request','windowslive|69819649bb8e9e5b','google-oauth2|101504708054193667330',12,'VALIDATED','2024-09-07T17:00:14.072+00:00');
INSERT INTO Notification VALUES(34,'Nueva peña','Se ha añadido una nueva peña: Las Nomadas','gang-added','google-oauth2|100777311606063687140','google-oauth2|101504708054193667330',13,'VALIDATED','2024-09-07T18:32:59.928+00:00');
INSERT INTO Notification VALUES(35,'Nueva solicitud de miembro','David ha solicitado unirse a la peña ALOK2','gang-member-request','google-oauth2|115817027658363168738','google-oauth2|109315482379063063159',5,'VALIDATED','2024-09-07T18:45:16.274+00:00');
INSERT INTO Notification VALUES(36,'Nueva peña','Se ha añadido una nueva peña: La movida','gang-added','google-oauth2|107131868770766773958','google-oauth2|101504708054193667330',14,'VALIDATED','2024-09-07T19:06:51.216+00:00');
INSERT INTO Notification VALUES(37,'Nueva solicitud de miembro','Garcia Aarón ha solicitado unirse a la peña La movida','gang-member-request','google-oauth2|107131868770766773958','google-oauth2|101504708054193667330',14,'VALIDATED','2024-09-07T19:06:51.513+00:00');
INSERT INTO Notification VALUES(38,'Nueva peña','Se ha añadido una nueva peña: Las druidas','gang-added','google-oauth2|110212983681661342001','google-oauth2|101504708054193667330',15,'VALIDATED','2024-09-07T19:07:16.323+00:00');
INSERT INTO Notification VALUES(39,'Nueva solicitud de miembro','laurita rosón ha solicitado unirse a la peña Las druidas','gang-member-request','google-oauth2|110212983681661342001','google-oauth2|101504708054193667330',15,'VALIDATED','2024-09-07T19:07:16.629+00:00');
INSERT INTO Notification VALUES(40,'Nueva solicitud de miembro','Rut Pedreño Criado ha solicitado unirse a la peña Las druidas','gang-member-request','google-oauth2|114521542986433553467','google-oauth2|101504708054193667330',15,'VALIDATED','2024-09-07T19:10:09.456+00:00');
INSERT INTO Notification VALUES(41,'Nueva peña','Se ha añadido una nueva peña: Skpa-2','gang-added','google-oauth2|101859524627651159134','google-oauth2|101504708054193667330',16,'VALIDATED','2024-09-07T19:10:44.614+00:00');
INSERT INTO Notification VALUES(42,'Nueva solicitud de miembro','Héctor Gómez ha solicitado unirse a la peña Skpa-2','gang-member-request','google-oauth2|101859524627651159134','google-oauth2|101504708054193667330',16,'VALIDATED','2024-09-07T19:10:44.916+00:00');
INSERT INTO Notification VALUES(43,'Nueva solicitud de miembro','Tania ha solicitado unirse a la peña Las druidas','gang-member-request','google-oauth2|113474694411892373065','google-oauth2|101504708054193667330',15,'VALIDATED','2024-09-07T19:11:57.895+00:00');
INSERT INTO Notification VALUES(44,'Nueva peña','Se ha añadido una nueva peña: Talaquera','gang-added','google-oauth2|101859524627651159134','google-oauth2|101504708054193667330',17,'VALIDATED','2024-09-07T19:12:06.332+00:00');
INSERT INTO Notification VALUES(45,'Nueva peña','Se ha añadido una nueva peña: ','gang-added','windowslive|3cabc400f20c2bd4','google-oauth2|101504708054193667330',18,'REFUSED','2024-09-07T19:16:13.725+00:00');
INSERT INTO Notification VALUES(46,'Nueva peña','Se ha añadido una nueva peña: ','gang-added','windowslive|3cabc400f20c2bd4','google-oauth2|101504708054193667330',19,'REFUSED','2024-09-07T19:17:10.354+00:00');
INSERT INTO Notification VALUES(47,'Nueva peña','Se ha añadido una nueva peña: Kalikeños ','gang-added','windowslive|3cabc400f20c2bd4','google-oauth2|101504708054193667330',20,'VALIDATED','2024-09-07T19:17:48.798+00:00');
INSERT INTO Notification VALUES(48,'Nueva solicitud de miembro','dionisio sanz ha solicitado unirse a la peña Kalikeños ','gang-member-request','windowslive|3cabc400f20c2bd4','google-oauth2|101504708054193667330',20,'VALIDATED','2024-09-07T19:17:49.098+00:00');
INSERT INTO Notification VALUES(49,'Nueva peña','Se ha añadido una nueva peña: Urukay ','gang-added','google-oauth2|103588638910377804887','google-oauth2|101504708054193667330',21,'VALIDATED','2024-09-07T19:19:51.299+00:00');
INSERT INTO Notification VALUES(50,'Nueva solicitud de miembro','Miguel Angel Caceres Garcia ha solicitado unirse a la peña Urukay ','gang-member-request','google-oauth2|103588638910377804887','google-oauth2|101504708054193667330',21,'VALIDATED','2024-09-07T19:19:51.751+00:00');
INSERT INTO Notification VALUES(51,'Nueva solicitud de miembro','Andrea Domínguez Perosillo ha solicitado unirse a la peña ALOK2','gang-member-request','google-oauth2|100965716650149123160','google-oauth2|109315482379063063159',5,'VALIDATED','2024-09-07T19:32:13.625+00:00');
INSERT INTO Notification VALUES(52,'Nueva peña','Se ha añadido una nueva peña: El Chamizo','gang-added','google-oauth2|103588638910377804887','google-oauth2|101504708054193667330',22,'VALIDATED','2024-09-07T19:40:21.073+00:00');
INSERT INTO Notification VALUES(53,'Nueva peña','Se ha añadido una nueva peña: La Tregua','gang-added','google-oauth2|105833940015837332909','google-oauth2|101504708054193667330',23,'VALIDATED','2024-09-07T19:56:20.528+00:00');
INSERT INTO Notification VALUES(54,'Nueva solicitud de miembro','Azucena BM ha solicitado unirse a la peña La Tregua','gang-member-request','google-oauth2|105833940015837332909','google-oauth2|101504708054193667330',23,'VALIDATED','2024-09-07T19:56:20.839+00:00');
INSERT INTO Notification VALUES(55,'Nueva peña','Se ha añadido una nueva peña: Las chicas ','gang-added','google-oauth2|109724296803449340280','google-oauth2|101504708054193667330',24,'VALIDATED','2024-09-07T22:25:37.523+00:00');
INSERT INTO Notification VALUES(56,'Nueva solicitud de miembro','marcheniya2014 silvia89 ha solicitado unirse a la peña Las chicas ','gang-member-request','google-oauth2|109724296803449340280','google-oauth2|101504708054193667330',24,'VALIDATED','2024-09-07T22:25:37.914+00:00');
INSERT INTO Notification VALUES(57,'Nueva peña','Se ha añadido una nueva peña: Los Bugas','gang-added','google-oauth2|111322389439024292354','google-oauth2|101504708054193667330',25,'VALIDATED','2024-09-07T22:46:02.278+00:00');
INSERT INTO Notification VALUES(58,'Nueva solicitud de miembro','Carlos Sanz ha solicitado unirse a la peña Los Bugas','gang-member-request','google-oauth2|111322389439024292354','google-oauth2|101504708054193667330',25,'VALIDATED','2024-09-07T22:46:02.569+00:00');
INSERT INTO Notification VALUES(59,'Nueva peña','Se ha añadido una nueva peña: El K-OS','gang-added','google-oauth2|100932822476997826415','google-oauth2|101504708054193667330',26,'REFUSED','2024-09-07T22:48:17.457+00:00');
INSERT INTO Notification VALUES(60,'Nueva solicitud de miembro','Judit Rebollo Molpeceres ha solicitado unirse a la peña El K-OS','gang-member-request','google-oauth2|100932822476997826415','google-oauth2|101504708054193667330',26,'REFUSED','2024-09-07T22:48:17.851+00:00');
INSERT INTO Notification VALUES(61,'Nueva solicitud de miembro','Jose Ramón García Esteban ha solicitado unirse a la peña La movida','gang-member-request','google-oauth2|109582527990246510718','google-oauth2|101504708054193667330',14,'VALIDATED','2024-09-07T22:51:28.655+00:00');
INSERT INTO Notification VALUES(62,'Nueva peña','Se ha añadido una nueva peña: La Babrera','gang-added','google-oauth2|109582527990246510718','google-oauth2|101504708054193667330',27,'REFUSED','2024-09-07T22:56:17.736+00:00');
INSERT INTO Notification VALUES(63,'Nueva peña','Se ha añadido una nueva peña: La Unión ','gang-added','google-oauth2|109582527990246510718','google-oauth2|101504708054193667330',28,'VALIDATED','2024-09-07T22:56:54.784+00:00');
INSERT INTO Notification VALUES(64,'Nueva peña','Se ha añadido una nueva peña: El Desmadre ','gang-added','google-oauth2|109582527990246510718','google-oauth2|101504708054193667330',29,'REFUSED','2024-09-07T22:57:31.067+00:00');
INSERT INTO Notification VALUES(65,'Nueva peña','Se ha añadido una nueva peña: Oasis','gang-added','google-oauth2|107131868770766773958','google-oauth2|101504708054193667330',30,'VALIDATED','2024-09-07T23:12:08.874+00:00');
INSERT INTO Notification VALUES(66,'Nueva solicitud de miembro','Noelia Castrillo ha solicitado unirse a la peña La Babrera','gang-member-request','google-oauth2|112140042793742757226','google-oauth2|101504708054193667330',27,'VALIDATED','2024-09-07T23:45:32.832+00:00');
INSERT INTO Notification VALUES(67,'Nueva peña','Se ha añadido una nueva peña: 13 la víspera ','gang-added','google-oauth2|112140042793742757226','google-oauth2|101504708054193667330',31,'VALIDATED','2024-09-07T23:46:58.285+00:00');
INSERT INTO Notification VALUES(68,'Nueva peña','Se ha añadido una nueva peña: La Farándula','gang-added','google-oauth2|111518151990301966222','google-oauth2|101504708054193667330',32,'VALIDATED','2024-09-07T23:50:18.738+00:00');
INSERT INTO Notification VALUES(69,'Nueva solicitud de miembro','Roberto Recio ha solicitado unirse a la peña La Farándula','gang-member-request','google-oauth2|111518151990301966222','google-oauth2|101504708054193667330',32,'VALIDATED','2024-09-07T23:50:19.049+00:00');
INSERT INTO Notification VALUES(70,'Nueva peña','Se ha añadido una nueva peña: La Gres-k ','gang-added','google-oauth2|112140042793742757226','google-oauth2|101504708054193667330',33,'VALIDATED','2024-09-08T00:08:21.370+00:00');
INSERT INTO Notification VALUES(71,'Nueva peña','Se ha añadido una nueva peña: La Babrera','gang-added','google-oauth2|105832137330928624690','google-oauth2|101504708054193667330',34,'VALIDATED','2024-09-08T03:53:10.094+00:00');
INSERT INTO Notification VALUES(72,'Nueva solicitud de miembro','princesa sanz ha solicitado unirse a la peña La Babrera','gang-member-request','google-oauth2|105832137330928624690','google-oauth2|101504708054193667330',34,'VALIDATED','2024-09-08T03:53:10.409+00:00');
INSERT INTO Notification VALUES(73,'Nueva peña','Se ha añadido una nueva peña: El k-pote','gang-added','google-oauth2|105832137330928624690','google-oauth2|101504708054193667330',35,'REFUSED','2024-09-08T03:56:37.116+00:00');
INSERT INTO Notification VALUES(74,'Nueva peña','Se ha añadido una nueva peña: La Fusión ','gang-added','google-oauth2|105832137330928624690','google-oauth2|101504708054193667330',36,'VALIDATED','2024-09-08T03:59:49.429+00:00');
INSERT INTO Notification VALUES(75,'Nueva peña','Se ha añadido una nueva peña: Badulake','gang-added','google-oauth2|116008040225096604094','google-oauth2|101504708054193667330',37,'VALIDATED','2024-09-08T06:28:30.871+00:00');
INSERT INTO Notification VALUES(76,'Nueva solicitud de miembro','Alfonso Sanz ha solicitado unirse a la peña Badulake','gang-member-request','google-oauth2|116008040225096604094','google-oauth2|101504708054193667330',37,'VALIDATED','2024-09-08T06:28:31.160+00:00');
INSERT INTO Notification VALUES(77,'Nueva peña','Se ha añadido una nueva peña: Lo que faltaba ','gang-added','google-oauth2|112907068811992143823','google-oauth2|101504708054193667330',38,'VALIDATED','2024-09-08T07:29:31.506+00:00');
INSERT INTO Notification VALUES(78,'Nueva solicitud de miembro','lope ha solicitado unirse a la peña Lo que faltaba ','gang-member-request','google-oauth2|112907068811992143823','google-oauth2|101504708054193667330',38,'VALIDATED','2024-09-08T07:29:31.819+00:00');
INSERT INTO Notification VALUES(79,'Nueva solicitud de miembro','Iker Diego Gómez Carnero ha solicitado unirse a la peña La movida','gang-member-request','google-oauth2|112441836777071233414','google-oauth2|101504708054193667330',14,'VALIDATED','2024-09-08T07:38:05.656+00:00');
INSERT INTO Notification VALUES(80,'Nueva solicitud de miembro','sr gz ha solicitado unirse a la peña La Babrera','gang-member-request','google-oauth2|107082958523381576491','google-oauth2|112140042793742757226',27,'VALIDATED','2024-09-08T08:49:31.443+00:00');
INSERT INTO Notification VALUES(81,'Nueva peña','Se ha añadido una nueva peña: El K-pote','gang-added','google-oauth2|109582527990246510718','google-oauth2|101504708054193667330',39,'REFUSED','2024-09-08T09:49:24.974+00:00');
INSERT INTO Notification VALUES(82,'Nueva peña','Se ha añadido una nueva peña: Los Nicks','gang-added','google-oauth2|109582527990246510718','google-oauth2|101504708054193667330',40,'VALIDATED','2024-09-08T09:50:09.630+00:00');
INSERT INTO Notification VALUES(83,'Nueva peña','Se ha añadido una nueva peña: Andeandara','gang-added','google-oauth2|116938703750093170034','google-oauth2|101504708054193667330',41,'REFUSED','2024-09-08T09:50:18.391+00:00');
INSERT INTO Notification VALUES(84,'Nueva solicitud de miembro','pablo ojero muñoz ha solicitado unirse a la peña Andeandara','gang-member-request','google-oauth2|116938703750093170034','google-oauth2|101504708054193667330',41,'VALIDATED','2024-09-08T09:50:18.808+00:00');
INSERT INTO Notification VALUES(85,'Nueva solicitud de miembro','Patri ha solicitado unirse a la peña Oasis','gang-member-request','google-oauth2|115745414005612030148','google-oauth2|101504708054193667330',30,'VALIDATED','2024-09-08T10:00:27.799+00:00');
INSERT INTO Notification VALUES(86,'Nueva peña','Se ha añadido una nueva peña: Peña 1521','gang-added','google-oauth2|102617604544714125372','google-oauth2|101504708054193667330',42,'VALIDATED','2024-09-08T11:40:31.558+00:00');
INSERT INTO Notification VALUES(87,'Nueva solicitud de miembro','Adolfo 1521 ha solicitado unirse a la peña Peña 1521','gang-member-request','google-oauth2|102617604544714125372','google-oauth2|101504708054193667330',42,'VALIDATED','2024-09-08T11:40:31.874+00:00');
INSERT INTO Notification VALUES(88,'Nueva peña','Se ha añadido una nueva peña: El K-os','gang-added','google-oauth2|108763211567151141067','google-oauth2|101504708054193667330',43,'VALIDATED','2024-09-08T11:51:11.495+00:00');
INSERT INTO Notification VALUES(89,'Nueva solicitud de miembro','Nuria Sanz ha solicitado unirse a la peña El K-os','gang-member-request','google-oauth2|108763211567151141067','google-oauth2|101504708054193667330',43,'VALIDATED','2024-09-08T11:51:11.815+00:00');
INSERT INTO Notification VALUES(90,'Nueva solicitud de miembro','Mikel Lopez Gomez ha solicitado unirse a la peña El Desmadre ','gang-member-request','google-oauth2|109734625965455873760','google-oauth2|101504708054193667330',29,'VALIDATED','2024-09-08T11:58:11.940+00:00');
INSERT INTO Notification VALUES(91,'Nueva solicitud de miembro','Víctor Sanz ha solicitado unirse a la peña El Desmadre ','gang-member-request','google-oauth2|114841162893839735330','google-oauth2|101504708054193667330',29,'VALIDATED','2024-09-08T12:04:21.975+00:00');
INSERT INTO Notification VALUES(92,'Nueva solicitud de miembro','Elena Sanz Martín ha solicitado unirse a la peña La Babrera','gang-member-request','google-oauth2|105980861178437110922','google-oauth2|112140042793742757226',27,'VALIDATED','2024-09-08T12:05:32.226+00:00');
INSERT INTO Notification VALUES(93,'Nueva peña','Se ha añadido una nueva peña: El Desmadre','gang-added','google-oauth2|114841162893839735330','google-oauth2|101504708054193667330',44,'VALIDATED','2024-09-08T12:11:04.743+00:00');
INSERT INTO Notification VALUES(94,'Nueva solicitud de miembro','Víctor Sanz ha solicitado unirse a la peña El Desmadre','gang-member-request','google-oauth2|114841162893839735330','google-oauth2|101504708054193667330',44,'VALIDATED','2024-09-08T12:11:05.180+00:00');
INSERT INTO Notification VALUES(95,'Nueva solicitud de miembro','Iñigo Sanz ha solicitado unirse a la peña El Desmadre ','gang-member-request','google-oauth2|115386745158487386248','google-oauth2|101504708054193667330',29,'VALIDATED','2024-09-08T12:27:44.806+00:00');
INSERT INTO Notification VALUES(96,'Nueva solicitud de miembro','Iñigo Sanz ha solicitado unirse a la peña El Desmadre','gang-member-request','google-oauth2|115386745158487386248','google-oauth2|101504708054193667330',44,'VALIDATED','2024-09-08T12:28:00.583+00:00');
INSERT INTO Notification VALUES(97,'Nueva peña','Se ha añadido una nueva peña: CachiBaches','gang-added','google-oauth2|101283017250996000337','google-oauth2|101504708054193667330',45,'VALIDATED','2024-09-08T12:28:38.926+00:00');
INSERT INTO Notification VALUES(98,'Nueva solicitud de miembro','Nuria Fernández ha solicitado unirse a la peña CachiBaches','gang-member-request','google-oauth2|101283017250996000337','google-oauth2|101504708054193667330',45,'VALIDATED','2024-09-08T12:28:39.274+00:00');
INSERT INTO Notification VALUES(99,'Nueva peña','Se ha añadido una nueva peña: Psicodélico ','gang-added','google-oauth2|104265303182233776112','google-oauth2|101504708054193667330',46,'VALIDATED','2024-09-08T12:46:34.886+00:00');
INSERT INTO Notification VALUES(100,'Nueva solicitud de miembro','Sofia Perosillo ha solicitado unirse a la peña Psicodélico ','gang-member-request','google-oauth2|104265303182233776112','google-oauth2|101504708054193667330',46,'VALIDATED','2024-09-08T12:46:35.334+00:00');
INSERT INTO Notification VALUES(101,'Nueva peña','Se ha añadido una nueva peña: Andeandara ','gang-added','google-oauth2|116938703750093170034','google-oauth2|108098906565629251299',47,'VALIDATED','2024-09-08T14:03:10.827+00:00');
INSERT INTO Notification VALUES(102,'Nueva solicitud de miembro','pablo ojero muñoz ha solicitado unirse a la peña Andeandara ','gang-member-request','google-oauth2|116938703750093170034','google-oauth2|108098906565629251299',47,'VALIDATED','2024-09-08T14:03:11.273+00:00');
INSERT INTO Notification VALUES(103,'Nueva peña','Se ha añadido una nueva peña: El K-pote','gang-added','google-oauth2|114300227124805500825','google-oauth2|101504708054193667330',48,'VALIDATED','2024-09-08T14:15:39.706+00:00');
INSERT INTO Notification VALUES(104,'Nueva solicitud de miembro','Marcos S.O.G ha solicitado unirse a la peña El K-pote','gang-member-request','google-oauth2|114300227124805500825','google-oauth2|101504708054193667330',48,'VALIDATED','2024-09-08T14:15:40.286+00:00');
INSERT INTO Notification VALUES(105,'Nueva peña','Se ha añadido una nueva peña: El burladero','gang-added','google-oauth2|109960628803904430618','google-oauth2|101504708054193667330',49,'VALIDATED','2024-09-08T16:07:03.539+00:00');
INSERT INTO Notification VALUES(106,'Nueva solicitud de miembro','Óscar ha solicitado unirse a la peña El burladero','gang-member-request','google-oauth2|109960628803904430618','google-oauth2|101504708054193667330',49,'VALIDATED','2024-09-08T16:07:04.161+00:00');
INSERT INTO Notification VALUES(107,'Nueva peña','Se ha añadido una nueva peña: Contenta me tienes','gang-added','google-oauth2|115335451505105747660','google-oauth2|108098906565629251299',50,'VALIDATED','2024-09-08T17:19:29.560+00:00');
INSERT INTO Notification VALUES(108,'Nueva solicitud de miembro','Sarandonga  ha solicitado unirse a la peña Contenta me tienes','gang-member-request','google-oauth2|115335451505105747660','google-oauth2|108098906565629251299',50,'VALIDATED','2024-09-08T17:19:29.952+00:00');
INSERT INTO Notification VALUES(109,'Nueva peña','Se ha añadido una nueva peña: PEÑA PIRATAS','gang-added','google-oauth2|112576436949895148086','google-oauth2|108098906565629251299',51,'VALIDATED','2024-09-08T18:42:49.971+00:00');
INSERT INTO Notification VALUES(110,'Nueva solicitud de miembro','César Redondo Gómez ha solicitado unirse a la peña Los Bugas','gang-member-request','google-oauth2|100574528529906618769',NULL,25,'PENDING','2024-09-09T07:10:50.662+00:00');
INSERT INTO Notification VALUES(111,'Nueva peña','Se ha añadido una nueva peña: Los indecisos','gang-added','google-oauth2|109703437218615022641','google-oauth2|101504708054193667330',52,'VALIDATED','2024-09-09T15:46:19.317+00:00');
INSERT INTO Notification VALUES(112,'Nueva solicitud de miembro','daniel merilla ha solicitado unirse a la peña Los indecisos','gang-member-request','google-oauth2|109703437218615022641','google-oauth2|101504708054193667330',52,'VALIDATED','2024-09-09T15:46:20.052+00:00');
INSERT INTO Notification VALUES(113,'Nueva solicitud de miembro','Raquel De Pablo ha solicitado unirse a la peña Kalikeños ','gang-member-request','google-oauth2|104087270005866273163',NULL,20,'PENDING','2024-09-09T15:49:30.688+00:00');
INSERT INTO Notification VALUES(114,'Nueva solicitud de miembro','Rebeca Martin ha solicitado unirse a la peña La Tregua','gang-member-request','google-oauth2|102272674543321088987','google-oauth2|105833940015837332909',23,'VALIDATED','2024-09-09T21:56:43.477+00:00');
INSERT INTO Notification VALUES(115,'Nueva peña','Se ha añadido una nueva peña: La Charrancha ','gang-added','google-oauth2|107183929362529295481','google-oauth2|101504708054193667330',53,'VALIDATED','2024-09-11T19:26:57.326+00:00');
INSERT INTO Notification VALUES(116,'Nueva solicitud de miembro','Victor Garcia ha solicitado unirse a la peña La Charrancha ','gang-member-request','google-oauth2|107183929362529295481','google-oauth2|101504708054193667330',53,'VALIDATED','2024-09-11T19:26:57.903+00:00');
INSERT INTO Notification VALUES(117,'Nueva solicitud de miembro','sr gz ha solicitado unirse a la peña La Babrera','gang-member-request','google-oauth2|107082958523381576491','google-oauth2|105832137330928624690',34,'VALIDATED','2024-09-11T21:13:40.124+00:00');
INSERT INTO Notification VALUES(118,'Nueva solicitud de miembro','RÁ ha solicitado unirse a la peña La Fusión ','gang-member-request','google-oauth2|118077651108626909648','google-oauth2|101504708054193667330',36,'VALIDATED','2024-09-12T13:52:37.160+00:00');
INSERT INTO Notification VALUES(119,'Nueva peña','Se ha añadido una nueva peña: La Anaskardia ','gang-added','google-oauth2|110272568822480107103','google-oauth2|108098906565629251299',54,'VALIDATED','2024-09-12T21:09:00.753+00:00');
INSERT INTO Notification VALUES(120,'Nueva solicitud de miembro','luis sanz ha solicitado unirse a la peña La Anaskardia ','gang-member-request','google-oauth2|110272568822480107103','google-oauth2|108098906565629251299',54,'VALIDATED','2024-09-12T21:09:01.352+00:00');
INSERT INTO Notification VALUES(121,'Nueva solicitud de miembro','RÁ ha solicitado unirse a la peña Psicodélico ','gang-member-request','google-oauth2|118077651108626909648',NULL,46,'PENDING','2024-09-13T09:01:08.111+00:00');
INSERT INTO Notification VALUES(122,'Nueva peña','Se ha añadido una nueva peña: AZTECAS','gang-added','google-oauth2|107574870698004538227','google-oauth2|108098906565629251299',55,'VALIDATED','2024-09-13T14:04:26.555+00:00');
INSERT INTO Notification VALUES(123,'Nueva solicitud de miembro','Roberto ha solicitado unirse a la peña AZTECAS','gang-member-request','google-oauth2|107574870698004538227','google-oauth2|108098906565629251299',55,'VALIDATED','2024-09-13T14:04:27.344+00:00');
INSERT INTO Notification VALUES(124,'Nueva peña','Se ha añadido una nueva peña: El monton','gang-added','google-oauth2|116013211202686631275','google-oauth2|101504708054193667330',56,'VALIDATED','2024-09-13T16:47:23.623+00:00');
INSERT INTO Notification VALUES(125,'Nueva solicitud de miembro','Francisco Martin Becerra ha solicitado unirse a la peña El monton','gang-member-request','google-oauth2|116013211202686631275','google-oauth2|101504708054193667330',56,'VALIDATED','2024-09-13T16:47:24.444+00:00');
INSERT INTO Notification VALUES(126,'Nueva peña','Se ha añadido una nueva peña: La Viga','gang-added','google-oauth2|109582527990246510718',NULL,57,'PENDING','2024-09-13T18:59:43.873+00:00');
INSERT INTO Notification VALUES(127,'Nueva peña','Se ha añadido una nueva peña: KasKau','gang-added','google-oauth2|109582527990246510718','google-oauth2|108098906565629251299',58,'VALIDATED','2024-09-13T19:01:10.197+00:00');
INSERT INTO Notification VALUES(128,'Nueva peña','Se ha añadido una nueva peña: Los Rebeldes ','gang-added','google-oauth2|109582527990246510718','google-oauth2|108098906565629251299',59,'VALIDATED','2024-09-13T19:02:14.238+00:00');
INSERT INTO Notification VALUES(129,'Nueva solicitud de miembro','Dani ha solicitado unirse a la peña KPY','gang-member-request','google-oauth2|101854096859156202937','google-oauth2|108098906565629251299',4,'VALIDATED','2024-09-15T16:52:25.907+00:00');
INSERT INTO Notification VALUES(130,'Nueva peña','Se ha añadido una nueva peña: El corralito','gang-added','google-oauth2|103588638910377804887','google-oauth2|108098906565629251299',60,'VALIDATED','2024-09-17T11:32:29.574+00:00');
INSERT INTO Notification VALUES(131,'Nueva peña','Se ha añadido una nueva peña: Los de siempre ','gang-added','google-oauth2|103588638910377804887','google-oauth2|108098906565629251299',61,'VALIDATED','2024-09-17T11:33:13.057+00:00');
INSERT INTO Notification VALUES(132,'Nueva solicitud de miembro','Daniel Gómez Merino ha solicitado unirse a la peña El K-pote','gang-member-request','google-oauth2|112118855523499273881',NULL,48,'PENDING','2024-09-19T17:32:58.783+00:00');
INSERT INTO Notification VALUES(133,'Nueva solicitud de miembro','Rodrigo sanz martin ha solicitado unirse a la peña La Fusión ','gang-member-request','google-oauth2|109087518970122361035',NULL,36,'PENDING','2025-08-30T10:21:30.746+00:00');
INSERT INTO Notification VALUES(134,'Nueva solicitud de miembro','begoña velazquez ha solicitado unirse a la peña Las druidas','gang-member-request','google-oauth2|112478611190602722424',NULL,15,'PENDING','2025-08-30T10:58:25.575+00:00');
INSERT INTO Notification VALUES(135,'Nueva solicitud de miembro','Jose Miguel Gomez Prieto ha solicitado unirse a la peña Badulake','gang-member-request','google-oauth2|111871620634721174328',NULL,37,'PENDING','2025-08-30T12:46:10.036+00:00');
INSERT INTO Notification VALUES(136,'Nueva solicitud de miembro','Lucia Becerra ha solicitado unirse a la peña Tembleke y Amareyu','gang-member-request','google-oauth2|103197441182942466518','google-oauth2|114578621847038298121',9,'VALIDATED','2025-08-30T16:18:05.228+00:00');
INSERT INTO Notification VALUES(137,'Nueva solicitud de miembro','alfonso sanz guadarrama ha solicitado unirse a la peña Badulake','gang-member-request','google-oauth2|113823846399030341881',NULL,37,'PENDING','2025-08-30T16:27:55.050+00:00');
INSERT INTO Notification VALUES(138,'Nueva peña','Se ha añadido una nueva peña: La talanquera ','gang-added','google-oauth2|112478611190602722424','google-oauth2|108098906565629251299',62,'VALIDATED','2025-08-30T18:17:37.461+00:00');
INSERT INTO Notification VALUES(139,'Nueva solicitud de miembro','Noelia Novo Martín ha solicitado unirse a la peña Tembleke y Amareyu','gang-member-request','google-oauth2|118132997052185431996','google-oauth2|114578621847038298121',9,'VALIDATED','2025-08-30T19:53:56.832+00:00');
INSERT INTO Notification VALUES(140,'Nueva peña','Se ha añadido una nueva peña: La bodega de Raúl','gang-added','google-oauth2|101504708054193667330',NULL,63,'PENDING','2025-09-01T15:13:29.429+00:00');
CREATE TABLE IF NOT EXISTS "_NotificationToUser" (
    "A" INTEGER NOT NULL,
    "B" TEXT NOT NULL,
    CONSTRAINT "_NotificationToUser_A_fkey" FOREIGN KEY ("A") REFERENCES "Notification" ("id") ON DELETE CASCADE ON UPDATE CASCADE,
    CONSTRAINT "_NotificationToUser_B_fkey" FOREIGN KEY ("B") REFERENCES "User" ("id") ON DELETE CASCADE ON UPDATE CASCADE
);
INSERT INTO _NotificationToUser VALUES(8,'google-oauth2|101504708054193667330');
INSERT INTO _NotificationToUser VALUES(9,'google-oauth2|101504708054193667330');
INSERT INTO _NotificationToUser VALUES(10,'google-oauth2|101504708054193667330');
INSERT INTO _NotificationToUser VALUES(11,'google-oauth2|101504708054193667330');
INSERT INTO _NotificationToUser VALUES(12,'google-oauth2|101504708054193667330');
INSERT INTO _NotificationToUser VALUES(13,'google-oauth2|101504708054193667330');
INSERT INTO _NotificationToUser VALUES(14,'google-oauth2|101504708054193667330');
INSERT INTO _NotificationToUser VALUES(15,'google-oauth2|101504708054193667330');
INSERT INTO _NotificationToUser VALUES(16,'google-oauth2|101504708054193667330');
INSERT INTO _NotificationToUser VALUES(17,'google-oauth2|101504708054193667330');
INSERT INTO _NotificationToUser VALUES(17,'google-oauth2|114609127638845553874');
INSERT INTO _NotificationToUser VALUES(18,'google-oauth2|101504708054193667330');
INSERT INTO _NotificationToUser VALUES(18,'google-oauth2|114609127638845553874');
INSERT INTO _NotificationToUser VALUES(18,'google-oauth2|102135074871170097220');
INSERT INTO _NotificationToUser VALUES(19,'google-oauth2|101504708054193667330');
INSERT INTO _NotificationToUser VALUES(19,'google-oauth2|114609127638845553874');
INSERT INTO _NotificationToUser VALUES(19,'google-oauth2|102135074871170097220');
INSERT INTO _NotificationToUser VALUES(19,'google-oauth2|110882050616125918317');
INSERT INTO _NotificationToUser VALUES(20,'google-oauth2|101504708054193667330');
INSERT INTO _NotificationToUser VALUES(20,'google-oauth2|114609127638845553874');
INSERT INTO _NotificationToUser VALUES(20,'google-oauth2|102135074871170097220');
INSERT INTO _NotificationToUser VALUES(20,'google-oauth2|110882050616125918317');
INSERT INTO _NotificationToUser VALUES(20,'google-oauth2|108098906565629251299');
INSERT INTO _NotificationToUser VALUES(21,'google-oauth2|101504708054193667330');
INSERT INTO _NotificationToUser VALUES(21,'google-oauth2|114609127638845553874');
INSERT INTO _NotificationToUser VALUES(21,'google-oauth2|102135074871170097220');
INSERT INTO _NotificationToUser VALUES(21,'google-oauth2|110882050616125918317');
INSERT INTO _NotificationToUser VALUES(21,'google-oauth2|108098906565629251299');
INSERT INTO _NotificationToUser VALUES(21,'google-oauth2|107641782529834222246');
INSERT INTO _NotificationToUser VALUES(22,'google-oauth2|109315482379063063159');
INSERT INTO _NotificationToUser VALUES(23,'google-oauth2|109315482379063063159');
INSERT INTO _NotificationToUser VALUES(23,'google-oauth2|112811662801049368014');
INSERT INTO _NotificationToUser VALUES(24,'google-oauth2|101504708054193667330');
INSERT INTO _NotificationToUser VALUES(25,'google-oauth2|101504708054193667330');
INSERT INTO _NotificationToUser VALUES(26,'google-oauth2|101504708054193667330');
INSERT INTO _NotificationToUser VALUES(27,'google-oauth2|114578621847038298121');
INSERT INTO _NotificationToUser VALUES(28,'google-oauth2|101504708054193667330');
INSERT INTO _NotificationToUser VALUES(29,'google-oauth2|101504708054193667330');
INSERT INTO _NotificationToUser VALUES(30,'google-oauth2|101504708054193667330');
INSERT INTO _NotificationToUser VALUES(31,'google-oauth2|101504708054193667330');
INSERT INTO _NotificationToUser VALUES(32,'google-oauth2|101504708054193667330');
INSERT INTO _NotificationToUser VALUES(33,'google-oauth2|101504708054193667330');
INSERT INTO _NotificationToUser VALUES(34,'google-oauth2|101504708054193667330');
INSERT INTO _NotificationToUser VALUES(35,'google-oauth2|109315482379063063159');
INSERT INTO _NotificationToUser VALUES(35,'google-oauth2|112811662801049368014');
INSERT INTO _NotificationToUser VALUES(35,'google-oauth2|106937983063448046386');
INSERT INTO _NotificationToUser VALUES(36,'google-oauth2|101504708054193667330');
INSERT INTO _NotificationToUser VALUES(37,'google-oauth2|101504708054193667330');
INSERT INTO _NotificationToUser VALUES(38,'google-oauth2|101504708054193667330');
INSERT INTO _NotificationToUser VALUES(39,'google-oauth2|101504708054193667330');
INSERT INTO _NotificationToUser VALUES(40,'google-oauth2|101504708054193667330');
INSERT INTO _NotificationToUser VALUES(41,'google-oauth2|101504708054193667330');
INSERT INTO _NotificationToUser VALUES(42,'google-oauth2|101504708054193667330');
INSERT INTO _NotificationToUser VALUES(43,'google-oauth2|101504708054193667330');
INSERT INTO _NotificationToUser VALUES(44,'google-oauth2|101504708054193667330');
INSERT INTO _NotificationToUser VALUES(45,'google-oauth2|101504708054193667330');
INSERT INTO _NotificationToUser VALUES(46,'google-oauth2|101504708054193667330');
INSERT INTO _NotificationToUser VALUES(47,'google-oauth2|101504708054193667330');
INSERT INTO _NotificationToUser VALUES(48,'google-oauth2|101504708054193667330');
INSERT INTO _NotificationToUser VALUES(49,'google-oauth2|101504708054193667330');
INSERT INTO _NotificationToUser VALUES(50,'google-oauth2|101504708054193667330');
INSERT INTO _NotificationToUser VALUES(51,'google-oauth2|109315482379063063159');
INSERT INTO _NotificationToUser VALUES(51,'google-oauth2|112811662801049368014');
INSERT INTO _NotificationToUser VALUES(51,'google-oauth2|106937983063448046386');
INSERT INTO _NotificationToUser VALUES(51,'google-oauth2|115817027658363168738');
INSERT INTO _NotificationToUser VALUES(52,'google-oauth2|101504708054193667330');
INSERT INTO _NotificationToUser VALUES(53,'google-oauth2|101504708054193667330');
INSERT INTO _NotificationToUser VALUES(54,'google-oauth2|101504708054193667330');
INSERT INTO _NotificationToUser VALUES(55,'google-oauth2|101504708054193667330');
INSERT INTO _NotificationToUser VALUES(56,'google-oauth2|101504708054193667330');
INSERT INTO _NotificationToUser VALUES(57,'google-oauth2|101504708054193667330');
INSERT INTO _NotificationToUser VALUES(58,'google-oauth2|101504708054193667330');
INSERT INTO _NotificationToUser VALUES(59,'google-oauth2|101504708054193667330');
INSERT INTO _NotificationToUser VALUES(60,'google-oauth2|101504708054193667330');
INSERT INTO _NotificationToUser VALUES(61,'google-oauth2|101504708054193667330');
INSERT INTO _NotificationToUser VALUES(62,'google-oauth2|101504708054193667330');
INSERT INTO _NotificationToUser VALUES(63,'google-oauth2|101504708054193667330');
INSERT INTO _NotificationToUser VALUES(64,'google-oauth2|101504708054193667330');
INSERT INTO _NotificationToUser VALUES(65,'google-oauth2|101504708054193667330');
INSERT INTO _NotificationToUser VALUES(66,'google-oauth2|101504708054193667330');
INSERT INTO _NotificationToUser VALUES(67,'google-oauth2|101504708054193667330');
INSERT INTO _NotificationToUser VALUES(68,'google-oauth2|101504708054193667330');
INSERT INTO _NotificationToUser VALUES(69,'google-oauth2|101504708054193667330');
INSERT INTO _NotificationToUser VALUES(70,'google-oauth2|101504708054193667330');
INSERT INTO _NotificationToUser VALUES(71,'google-oauth2|101504708054193667330');
INSERT INTO _NotificationToUser VALUES(72,'google-oauth2|101504708054193667330');
INSERT INTO _NotificationToUser VALUES(73,'google-oauth2|101504708054193667330');
INSERT INTO _NotificationToUser VALUES(74,'google-oauth2|101504708054193667330');
INSERT INTO _NotificationToUser VALUES(75,'google-oauth2|101504708054193667330');
INSERT INTO _NotificationToUser VALUES(76,'google-oauth2|101504708054193667330');
INSERT INTO _NotificationToUser VALUES(77,'google-oauth2|101504708054193667330');
INSERT INTO _NotificationToUser VALUES(78,'google-oauth2|101504708054193667330');
INSERT INTO _NotificationToUser VALUES(79,'google-oauth2|101504708054193667330');
INSERT INTO _NotificationToUser VALUES(80,'google-oauth2|112140042793742757226');
INSERT INTO _NotificationToUser VALUES(81,'google-oauth2|101504708054193667330');
INSERT INTO _NotificationToUser VALUES(82,'google-oauth2|101504708054193667330');
INSERT INTO _NotificationToUser VALUES(83,'google-oauth2|101504708054193667330');
INSERT INTO _NotificationToUser VALUES(84,'google-oauth2|101504708054193667330');
INSERT INTO _NotificationToUser VALUES(85,'google-oauth2|101504708054193667330');
INSERT INTO _NotificationToUser VALUES(86,'google-oauth2|101504708054193667330');
INSERT INTO _NotificationToUser VALUES(87,'google-oauth2|101504708054193667330');
INSERT INTO _NotificationToUser VALUES(88,'google-oauth2|101504708054193667330');
INSERT INTO _NotificationToUser VALUES(89,'google-oauth2|101504708054193667330');
INSERT INTO _NotificationToUser VALUES(90,'google-oauth2|101504708054193667330');
INSERT INTO _NotificationToUser VALUES(91,'google-oauth2|101504708054193667330');
INSERT INTO _NotificationToUser VALUES(92,'google-oauth2|112140042793742757226');
INSERT INTO _NotificationToUser VALUES(92,'google-oauth2|107082958523381576491');
INSERT INTO _NotificationToUser VALUES(93,'google-oauth2|101504708054193667330');
INSERT INTO _NotificationToUser VALUES(94,'google-oauth2|101504708054193667330');
INSERT INTO _NotificationToUser VALUES(95,'google-oauth2|101504708054193667330');
INSERT INTO _NotificationToUser VALUES(96,'google-oauth2|101504708054193667330');
INSERT INTO _NotificationToUser VALUES(97,'google-oauth2|101504708054193667330');
INSERT INTO _NotificationToUser VALUES(98,'google-oauth2|101504708054193667330');
INSERT INTO _NotificationToUser VALUES(99,'google-oauth2|101504708054193667330');
INSERT INTO _NotificationToUser VALUES(99,'google-oauth2|108098906565629251299');
INSERT INTO _NotificationToUser VALUES(99,'google-oauth2|114588154872331009076');
INSERT INTO _NotificationToUser VALUES(100,'google-oauth2|101504708054193667330');
INSERT INTO _NotificationToUser VALUES(100,'google-oauth2|108098906565629251299');
INSERT INTO _NotificationToUser VALUES(100,'google-oauth2|114588154872331009076');
INSERT INTO _NotificationToUser VALUES(101,'google-oauth2|101504708054193667330');
INSERT INTO _NotificationToUser VALUES(101,'google-oauth2|108098906565629251299');
INSERT INTO _NotificationToUser VALUES(101,'google-oauth2|114588154872331009076');
INSERT INTO _NotificationToUser VALUES(102,'google-oauth2|101504708054193667330');
INSERT INTO _NotificationToUser VALUES(102,'google-oauth2|108098906565629251299');
INSERT INTO _NotificationToUser VALUES(102,'google-oauth2|114588154872331009076');
INSERT INTO _NotificationToUser VALUES(103,'google-oauth2|101504708054193667330');
INSERT INTO _NotificationToUser VALUES(103,'google-oauth2|108098906565629251299');
INSERT INTO _NotificationToUser VALUES(103,'google-oauth2|114588154872331009076');
INSERT INTO _NotificationToUser VALUES(104,'google-oauth2|101504708054193667330');
INSERT INTO _NotificationToUser VALUES(104,'google-oauth2|108098906565629251299');
INSERT INTO _NotificationToUser VALUES(104,'google-oauth2|114588154872331009076');
INSERT INTO _NotificationToUser VALUES(105,'google-oauth2|101504708054193667330');
INSERT INTO _NotificationToUser VALUES(105,'google-oauth2|108098906565629251299');
INSERT INTO _NotificationToUser VALUES(105,'google-oauth2|114588154872331009076');
INSERT INTO _NotificationToUser VALUES(106,'google-oauth2|101504708054193667330');
INSERT INTO _NotificationToUser VALUES(106,'google-oauth2|108098906565629251299');
INSERT INTO _NotificationToUser VALUES(106,'google-oauth2|114588154872331009076');
INSERT INTO _NotificationToUser VALUES(107,'google-oauth2|101504708054193667330');
INSERT INTO _NotificationToUser VALUES(107,'google-oauth2|108098906565629251299');
INSERT INTO _NotificationToUser VALUES(107,'google-oauth2|114588154872331009076');
INSERT INTO _NotificationToUser VALUES(108,'google-oauth2|101504708054193667330');
INSERT INTO _NotificationToUser VALUES(108,'google-oauth2|108098906565629251299');
INSERT INTO _NotificationToUser VALUES(108,'google-oauth2|114588154872331009076');
INSERT INTO _NotificationToUser VALUES(109,'google-oauth2|101504708054193667330');
INSERT INTO _NotificationToUser VALUES(109,'google-oauth2|108098906565629251299');
INSERT INTO _NotificationToUser VALUES(109,'google-oauth2|114588154872331009076');
INSERT INTO _NotificationToUser VALUES(110,'google-oauth2|111322389439024292354');
INSERT INTO _NotificationToUser VALUES(111,'google-oauth2|101504708054193667330');
INSERT INTO _NotificationToUser VALUES(111,'google-oauth2|108098906565629251299');
INSERT INTO _NotificationToUser VALUES(111,'google-oauth2|114588154872331009076');
INSERT INTO _NotificationToUser VALUES(112,'google-oauth2|101504708054193667330');
INSERT INTO _NotificationToUser VALUES(112,'google-oauth2|108098906565629251299');
INSERT INTO _NotificationToUser VALUES(112,'google-oauth2|114588154872331009076');
INSERT INTO _NotificationToUser VALUES(113,'windowslive|3cabc400f20c2bd4');
INSERT INTO _NotificationToUser VALUES(114,'google-oauth2|105833940015837332909');
INSERT INTO _NotificationToUser VALUES(115,'google-oauth2|101504708054193667330');
INSERT INTO _NotificationToUser VALUES(115,'google-oauth2|108098906565629251299');
INSERT INTO _NotificationToUser VALUES(115,'google-oauth2|114588154872331009076');
INSERT INTO _NotificationToUser VALUES(116,'google-oauth2|101504708054193667330');
INSERT INTO _NotificationToUser VALUES(116,'google-oauth2|108098906565629251299');
INSERT INTO _NotificationToUser VALUES(116,'google-oauth2|114588154872331009076');
INSERT INTO _NotificationToUser VALUES(117,'google-oauth2|105832137330928624690');
INSERT INTO _NotificationToUser VALUES(118,'google-oauth2|101504708054193667330');
INSERT INTO _NotificationToUser VALUES(118,'google-oauth2|108098906565629251299');
INSERT INTO _NotificationToUser VALUES(118,'google-oauth2|114588154872331009076');
INSERT INTO _NotificationToUser VALUES(119,'google-oauth2|101504708054193667330');
INSERT INTO _NotificationToUser VALUES(119,'google-oauth2|108098906565629251299');
INSERT INTO _NotificationToUser VALUES(119,'google-oauth2|114588154872331009076');
INSERT INTO _NotificationToUser VALUES(120,'google-oauth2|101504708054193667330');
INSERT INTO _NotificationToUser VALUES(120,'google-oauth2|108098906565629251299');
INSERT INTO _NotificationToUser VALUES(120,'google-oauth2|114588154872331009076');
INSERT INTO _NotificationToUser VALUES(121,'google-oauth2|104265303182233776112');
INSERT INTO _NotificationToUser VALUES(122,'google-oauth2|101504708054193667330');
INSERT INTO _NotificationToUser VALUES(122,'google-oauth2|108098906565629251299');
INSERT INTO _NotificationToUser VALUES(122,'google-oauth2|114588154872331009076');
INSERT INTO _NotificationToUser VALUES(123,'google-oauth2|101504708054193667330');
INSERT INTO _NotificationToUser VALUES(123,'google-oauth2|108098906565629251299');
INSERT INTO _NotificationToUser VALUES(123,'google-oauth2|114588154872331009076');
INSERT INTO _NotificationToUser VALUES(124,'google-oauth2|101504708054193667330');
INSERT INTO _NotificationToUser VALUES(124,'google-oauth2|108098906565629251299');
INSERT INTO _NotificationToUser VALUES(124,'google-oauth2|114588154872331009076');
INSERT INTO _NotificationToUser VALUES(125,'google-oauth2|101504708054193667330');
INSERT INTO _NotificationToUser VALUES(125,'google-oauth2|108098906565629251299');
INSERT INTO _NotificationToUser VALUES(125,'google-oauth2|114588154872331009076');
INSERT INTO _NotificationToUser VALUES(126,'google-oauth2|101504708054193667330');
INSERT INTO _NotificationToUser VALUES(126,'google-oauth2|108098906565629251299');
INSERT INTO _NotificationToUser VALUES(126,'google-oauth2|114588154872331009076');
INSERT INTO _NotificationToUser VALUES(127,'google-oauth2|101504708054193667330');
INSERT INTO _NotificationToUser VALUES(127,'google-oauth2|108098906565629251299');
INSERT INTO _NotificationToUser VALUES(127,'google-oauth2|114588154872331009076');
INSERT INTO _NotificationToUser VALUES(128,'google-oauth2|101504708054193667330');
INSERT INTO _NotificationToUser VALUES(128,'google-oauth2|108098906565629251299');
INSERT INTO _NotificationToUser VALUES(128,'google-oauth2|114588154872331009076');
INSERT INTO _NotificationToUser VALUES(129,'google-oauth2|101504708054193667330');
INSERT INTO _NotificationToUser VALUES(129,'google-oauth2|114609127638845553874');
INSERT INTO _NotificationToUser VALUES(129,'google-oauth2|102135074871170097220');
INSERT INTO _NotificationToUser VALUES(129,'google-oauth2|110882050616125918317');
INSERT INTO _NotificationToUser VALUES(129,'google-oauth2|108098906565629251299');
INSERT INTO _NotificationToUser VALUES(129,'google-oauth2|107641782529834222246');
INSERT INTO _NotificationToUser VALUES(129,'google-oauth2|100202973042169577730');
INSERT INTO _NotificationToUser VALUES(130,'google-oauth2|101504708054193667330');
INSERT INTO _NotificationToUser VALUES(130,'google-oauth2|108098906565629251299');
INSERT INTO _NotificationToUser VALUES(130,'google-oauth2|114588154872331009076');
INSERT INTO _NotificationToUser VALUES(131,'google-oauth2|101504708054193667330');
INSERT INTO _NotificationToUser VALUES(131,'google-oauth2|108098906565629251299');
INSERT INTO _NotificationToUser VALUES(131,'google-oauth2|114588154872331009076');
INSERT INTO _NotificationToUser VALUES(132,'google-oauth2|114300227124805500825');
INSERT INTO _NotificationToUser VALUES(133,'google-oauth2|118077651108626909648');
INSERT INTO _NotificationToUser VALUES(134,'google-oauth2|110212983681661342001');
INSERT INTO _NotificationToUser VALUES(134,'google-oauth2|114521542986433553467');
INSERT INTO _NotificationToUser VALUES(134,'google-oauth2|113474694411892373065');
INSERT INTO _NotificationToUser VALUES(135,'google-oauth2|116008040225096604094');
INSERT INTO _NotificationToUser VALUES(136,'google-oauth2|114578621847038298121');
INSERT INTO _NotificationToUser VALUES(137,'google-oauth2|116008040225096604094');
INSERT INTO _NotificationToUser VALUES(138,'google-oauth2|101504708054193667330');
INSERT INTO _NotificationToUser VALUES(138,'google-oauth2|108098906565629251299');
INSERT INTO _NotificationToUser VALUES(138,'google-oauth2|114588154872331009076');
INSERT INTO _NotificationToUser VALUES(139,'google-oauth2|114578621847038298121');
INSERT INTO _NotificationToUser VALUES(139,'google-oauth2|103550572999459064532');
INSERT INTO _NotificationToUser VALUES(139,'google-oauth2|103197441182942466518');
INSERT INTO _NotificationToUser VALUES(140,'google-oauth2|101504708054193667330');
INSERT INTO _NotificationToUser VALUES(140,'google-oauth2|108098906565629251299');
INSERT INTO _NotificationToUser VALUES(140,'google-oauth2|114588154872331009076');
CREATE TABLE IF NOT EXISTS "User" (
    "id" TEXT NOT NULL PRIMARY KEY,
    "name" TEXT,
    "picture" TEXT,
    "gangId" INTEGER,
    "role" TEXT NOT NULL DEFAULT 'USER',
    "subscription" TEXT,
    CONSTRAINT "User_gangId_fkey" FOREIGN KEY ("gangId") REFERENCES "Gang" ("id") ON DELETE SET NULL ON UPDATE CASCADE
);
INSERT INTO User VALUES('google-oauth2|101504708054193667330','Cece','https://lh3.googleusercontent.com/a/ACg8ocIzmDsqE_FRBusVUmNcFz14WVqIAep9nLvJoNLjyUrdbj7LX9A=s96-c',4,'ADMIN','{"endpoint":"https://fcm.googleapis.com/fcm/send/fzBJDCwYf8Q:APA91bHwdYRYkoTh3Xsmezezbqf3ObG12oPmBe4xH4sd5iy0gzpakbE3ToPPwlE_ao020J74SKDyWqXI5ZcfHKSR4q2F29RT6r2GnE-QVHrqQr9FBUC7UZP-NvSXsmJZlCroLcVB3PT9","expirationTime":null,"keys":{"p256dh":"BP6D5u-5klHasT-2ZwMQNRA3EuhBZUwCVAzEh0a78cLNq09vaPDk4VBc-4el7J_nTGvC0DyZMl2PfKjbWkuiVlE","auth":"qgjjWnHI2wD4lBcg1G6uwg"}}');
INSERT INTO User VALUES('google-oauth2|109315482379063063159','Carlamp','https://lh3.googleusercontent.com/a/ACg8ocLkQzaWh6X0362YDY5C5GKnlWNXTXJA_kyiKHeHoAgCT-VKBw=s96-c',5,'USER','{"endpoint":"https://fcm.googleapis.com/fcm/send/esCpvu8HE6c:APA91bFbKir_O9eCcpA5srlD9aL5obAAs8qZhopHj3WUrKUWxlB6TiC7cRriSCEVhTP26yjgirZ1L4v9rSDDEwcSLWriCCUtniGppjdX61la8jGhf77AWaUmzDc_YAT1mvLFNIad9qFa","expirationTime":null,"keys":{"p256dh":"BEngUFYjE3bg6qMbk2a4k4Xzz097F570scV-VDREUoN0UtWqLSfuGkssK-OrNsVS60fFZx3VVgzM3G2MKWob908","auth":"-ncKYzeZwLMBxytri5GUDA"}}');
INSERT INTO User VALUES('google-oauth2|107543678145618873347','JAVIER MARTIN SANZ','https://lh3.googleusercontent.com/a/ACg8ocIUNg4g3pIFo8Fwi0u3NwNn50GBPFZLq4UlvD1UJPPMQp5kNA=s96-c',7,'USER','{"endpoint":"https://fcm.googleapis.com/fcm/send/eurNObNYjjU:APA91bFKkeJL7K6r41BkCxSeCI_ZIXsGK7OlAHZTuN6lTh5u73gb39EvG2cH-O7D6gbl-0ydpym7bQPOZk2aCfwO0M7TmfSCUrGlGd8Y_y34TOTtUR8aK6wgbCWXGU0BtBZSRVc-i4Xv","expirationTime":null,"keys":{"p256dh":"BNJOHX6Le_LaSgktzT_2Jq0ZQpw0uPC7DpRhSrLEnsuSeOYp9l7hhBze49lG8bIpqilkHA4xdlgyH4KXw8Pysl0","auth":"I6i9VGSQdMEpFkzZpTjI4g"}}');
INSERT INTO User VALUES('google-oauth2|114609127638845553874','Nuria','https://lh3.googleusercontent.com/a/ACg8ocJ5Qril7QTHBHTlLFBUiRlHSxtu0l7vcdklstqyE_Ezy6I8b-oi=s96-c',4,'USER','{"endpoint":"https://fcm.googleapis.com/fcm/send/egk4iAuJDQI:APA91bFjaGJp522b2n5JoWgatw_linaZoztbMCdemgTtFPnqYAh7nQGmTP9ww-h-nKTMdmau0Box8p2zgDCfk9X-xdsLcx4h9lB5PdnOHt2BqxdIzDhaElH-G_EUWH-MPz-s3OXwvsjN","expirationTime":null,"keys":{"p256dh":"BP81IkBeCtCS9rRnc7NMmBEuN7JO0tQprtQdKvUj81cZB5olgPY1_x8ipAJsrqPtK7OPRNhs22SJt4MJiW2JJ7o","auth":"Oo0MK86kpIkyrwUrNkZzPQ"}}');
INSERT INTO User VALUES('google-oauth2|102135074871170097220','Raquel S','https://lh3.googleusercontent.com/a/ACg8ocJFYX8bzT1QiH8QqLWqmVOF77rf4KrSCSCuDZbb2PWPkHm3fQ=s96-c',4,'USER','{"endpoint":"https://fcm.googleapis.com/fcm/send/cmjjZuaZxGU:APA91bHmFR3LHIJU8TjquN6ylUvlATmV91grb1mXraiWONQL_Q99FPEQKS_zYNvcOcNKaxpjYE_URr0lSIDq9tafNyA9Rc-pTO5_d1dJbpL99SQkMXY0pytaBvF6nyuoAmU3KbvN4No1","expirationTime":null,"keys":{"p256dh":"BDa-Yco8FmhgI6qXJQk7gSxJqMIJvdxm1yGyKUqD4Cmd_Fihos5zI3MkRmo-Pl-_53wlYxkYY5FrqZ1z9fDKsjg","auth":"eecqzhpDXNv3yVEvxX0yJQ"}}');
INSERT INTO User VALUES('google-oauth2|110882050616125918317','Jesus BM','https://lh3.googleusercontent.com/a/ACg8ocItiYIA1rGr52qMnjBYhdM0YRJ-JQvXLZP2g65T-uCeqxKSHg=s96-c',4,'USER',NULL);
INSERT INTO User VALUES('google-oauth2|108098906565629251299','JuanVS','https://lh3.googleusercontent.com/a/ACg8ocIij7oxLnNJu26H3DQaBwLO-dTUSUPlMthGGMEOYBSrIv4-bQ=s96-c',4,'ADMIN','{"endpoint":"https://fcm.googleapis.com/fcm/send/faCO8NqVlqc:APA91bG_9qOm7ZBPxxBekcZ6zHmgqwycqzvilv2GzTCwZn5g4RDZ6kUV4OcZvmk6hMXolLHlle7HpDZqiL60lNdrUoBvkJkITEhl8gyYIjY2DGBTPqxrs8rL2fUdgWKFxJIhQXH0o_ix","expirationTime":null,"keys":{"p256dh":"BJI1mGdsiwD5fa5HxhJxQzmj3tbcKS1S_hYIgC3T6cvxQctiDjcNtYu8xApIgSoQvbhJYHVhyL-VqNY_hN4hI8w","auth":"zrrR0hu6Dglo5527uvmiKw"}}');
INSERT INTO User VALUES('google-oauth2|107641782529834222246','Nerea KPY','https://lh3.googleusercontent.com/a/ACg8ocKQsbzS3k0PMZGzbeXMj_v-iJdDoJj_8fnKhfT8VP_XYpbRFA=s96-c',4,'USER',NULL);
INSERT INTO User VALUES('google-oauth2|114588154872331009076','Tamara Bermejo Pérez','https://lh3.googleusercontent.com/a/ACg8ocK3eD1DRB3f7Z-yiGlpKqFvFfofrWgd0YFyAjsPAjHIxw_FQg=s96-c',NULL,'ADMIN',NULL);
INSERT INTO User VALUES('google-oauth2|100202973042169577730','Rubén Martín González','https://lh3.googleusercontent.com/a/ACg8ocLJQzOn2qn17-HRKV7ssQ_WIYRMTDXQs8lTDCwv1esrLLFCQQ=s96-c',4,'USER',NULL);
INSERT INTO User VALUES('google-oauth2|112811662801049368014','sevenn','https://lh3.googleusercontent.com/a/ACg8ocL_UmP5rPCIB3owYdVEcKO9t5t6o6sFyvJ2bYlQaOGAx-qr5Dg=s96-c',5,'USER',NULL);
INSERT INTO User VALUES('google-oauth2|109008499906077438256','La Peña','https://lh3.googleusercontent.com/a/ACg8ocLwCW_N68khSAFNaw4JRojS-R2SuRXOiAY8Bcsp43WLBgt2gmiX=s96-c',NULL,'USER','{"endpoint":"https://fcm.googleapis.com/fcm/send/cSwtGz2ktMk:APA91bFJ0NvEKER60HjBLaj5xBX1RvUezHRzEeFZQhrGHeAa_YBUeSBEHG__Yi_Fi4QEu5DD3BKnMOnQKIEli9txlv3iPq3-YwlLEXTj1tzt4PiWxq0ZCmrUhwJe-k3xupcIUf6e2s2E","expirationTime":null,"keys":{"p256dh":"BCcw1pPzwyHN7f2x7H9QgsviTYA1k2TKe_nTRkwGSWfaWte1GwJsOggOvsKaRKfBbwnUped_-EzKX3xu2Z4Hmbo","auth":"Iv8h--AR11wk_lPc-M_4Yw"}}');
INSERT INTO User VALUES('google-oauth2|106937983063448046386','Miriam ','https://lh3.googleusercontent.com/a/ACg8ocIP6Y1KEvYbqkvAIWY64r4-JCookZt5cIxmdKEzm_We6ZSY3A=s96-c',5,'USER','{"endpoint":"https://fcm.googleapis.com/fcm/send/eZq5m8DJsgQ:APA91bF9MpY3zCuZpDH-EVr4KMnIepuflqQ0ksRO4K_eq1JmfdJ6c-OmQ9wLGxFIgS7P9ZFzCWYnOfWIwJwmYzC3gzSX-95opTtiWzgPl6nD7z6NRyqySb9Sq5-4utrjUb49E-IqObSu","expirationTime":null,"keys":{"p256dh":"BN4KtdDNbC5xJJeOB9ess-tV0vxqS_Q6RJmwqwIP-sW5tG_h4kd0EHW_eOjDyFG421lNZhzgpwthLQGhYQzJrTQ","auth":"jviPEHJArIYwbFiu5uwnRg"}}');
INSERT INTO User VALUES('google-oauth2|114578621847038298121','Natalia','https://lh3.googleusercontent.com/a/ACg8ocK2j6qZY35MFOrGYpXJ42I66-CVfj-v9yUY-8IluTKvWxWNVg=s96-c',9,'USER','{"endpoint":"https://fcm.googleapis.com/fcm/send/cNkp761QRtY:APA91bHkSCLfqAmbgkAzSPrZ1ze-_3HzSThLIl_vaLMLplWC1AnkuEL6PxnS3tMED2NOHiPGiqyJ86fGzfgNgSQXJVabaxTIh5W--1oLJ1Tz-6CmHJRHFjvh8wbM3LzlOLYi2WO4fhiE","expirationTime":null,"keys":{"p256dh":"BFm4idZvy2NmZGDKAuJh-Y0L1iEce4f7USjISsCMmmzF9egBQef5mRUKp1iMTteG-7au47Mxp-BlE0RxpLGExpc","auth":"DBy3HAjmYHj7sPVmIAJqkQ"}}');
INSERT INTO User VALUES('google-oauth2|103550572999459064532','ElGordoGordako','https://lh3.googleusercontent.com/a/ACg8ocJD2nkzkSQOPcY11o5asFzax8NyCjn1Wuk3k6F4_rkvMw65Qw=s96-c',9,'USER','{"endpoint":"https://fcm.googleapis.com/fcm/send/c8h6xxGuXQY:APA91bE1xr_8go_HNTvE_qKgvRcIobsIs4W8ZZ-gmwzYH_UCcG3x-333n9j4nUNyZS90yzPhbsveri0jK6Vghu1hhj4uscLZeu5OJz7vfrhoj_UDmqF4c5Hy8FTFw2qL0m7gIrXfFqFX","expirationTime":null,"keys":{"p256dh":"BMM_i0Wu2xeZ5ug4XIAZV-A3bUParX6ODVvly9COJRRnq025uvKP4mxiEgOCBhnWL4z8jeozUM0RFf31OSl2ywk","auth":"g7DuOnvJTZC7Up2UgsnBDA"}}');
INSERT INTO User VALUES('google-oauth2|102352096109115651401','Sawa','https://lh3.googleusercontent.com/a/ACg8ocLUOZbpI7SGVaVbf598_85yOfHrkBPrY2_IMn7_FZrJuuU2qA=s96-c',11,'USER',NULL);
INSERT INTO User VALUES('windowslive|69819649bb8e9e5b','Elisa Real','https://s.gravatar.com/avatar/3314ef4b4d563663020835b07a60796d?s=480&r=pg&d=https%3A%2F%2Fcdn.auth0.com%2Favatars%2Fer.png',12,'USER',NULL);
INSERT INTO User VALUES('windowslive|ded7012d5dbf2235','Elisa Real','https://s.gravatar.com/avatar/b0a73bf6dccb9dad4fc503fce913eed1?s=480&r=pg&d=https%3A%2F%2Fcdn.auth0.com%2Favatars%2Fer.png',NULL,'USER',NULL);
INSERT INTO User VALUES('google-oauth2|100777311606063687140','Carla Matarranz Santa Olaya','https://lh3.googleusercontent.com/a/ACg8ocLcHUFpA5OCYaVZTqJO_Luzk2LQdGpvbpAhum_oCVPJvIvLf_To=s96-c',NULL,'USER',NULL);
INSERT INTO User VALUES('google-oauth2|115817027658363168738','David','https://lh3.googleusercontent.com/a/ACg8ocIklrtjnojx9V60b538hp6MqzNzahOe3VrgMA81e9ygZu1vXZXJ=s96-c',5,'USER',NULL);
INSERT INTO User VALUES('google-oauth2|110212983681661342001','laurita rosón','https://lh3.googleusercontent.com/a/ACg8ocJ_39FiKjDWLSuD12th3DgG5OrkbVVdgsgNYRlx7rV5EL6ylw=s96-c',15,'USER',NULL);
INSERT INTO User VALUES('google-oauth2|107131868770766773958','Garcia Aarón','https://lh3.googleusercontent.com/a/ACg8ocK1OO7zXc0aB7ZBgEvs-pqpfQA7pw6XVc56Iu4lLAOQYazUO3zL=s96-c',14,'USER',NULL);
INSERT INTO User VALUES('google-oauth2|101859524627651159134','Héctor Gómez','https://lh3.googleusercontent.com/a/ACg8ocK9ZpZNU8Cev4i8tZU6osahkx4xdIDTYAoW7mH5vaaZ7F9j7fY=s96-c',16,'USER',NULL);
INSERT INTO User VALUES('google-oauth2|114521542986433553467','Rut','https://lh3.googleusercontent.com/a/ACg8ocLOA-8b4z_Wzcz48nLcBUqOa9YQg8-vsoOpn2wmi94nDR5dBuDN=s96-c',15,'USER',NULL);
INSERT INTO User VALUES('google-oauth2|113474694411892373065','Tania','https://lh3.googleusercontent.com/a/ACg8ocJaFwm85QP2a983hQTSpV5hp0bwxBDXvQ1UMCS3USi9Ne5dAEjO=s96-c',15,'USER',NULL);
INSERT INTO User VALUES('windowslive|3cabc400f20c2bd4','dionisio sanz','https://s.gravatar.com/avatar/e06a391f36e8eea980f7c934bf8bb252?s=480&r=pg&d=https%3A%2F%2Fcdn.auth0.com%2Favatars%2Fds.png',20,'USER',NULL);
INSERT INTO User VALUES('google-oauth2|103588638910377804887','Miguel Angel Caceres Garcia','https://lh3.googleusercontent.com/a/ACg8ocI7EouAnVgR0h7WpDFEs5LGsIoURA4548zbZdhymiSPMEQT0g=s96-c',21,'USER',NULL);
INSERT INTO User VALUES('google-oauth2|100965716650149123160','Andrea Domínguez Perosillo','https://lh3.googleusercontent.com/a/ACg8ocL2C4QRCN6xZhIaKAB29xmF9kBD-GmC0s-bIeiv0RTgxrJNOA=s96-c',5,'USER','{"endpoint":"https://fcm.googleapis.com/fcm/send/d7-mQ_yWrsI:APA91bGW2QNfAbcdimCvqF9UQ4HskJiOLMzU2AlSXSGgb7Iuyn0AUdxzt4et-pgJJqbvzf6HJEAtQHZvNsKK2GWyNg6KmVaXkHIvB5DpdDUXFkG-Emsnp7qH8okZF7mmufLYGijamU5h","expirationTime":null,"keys":{"p256dh":"BNPhmcbjHdJHu3bjWwhav6dIiJ1d5ROWjBG5F0NGhWlB3JsY12LJsOne7Ari2zwVMySW2h28-O1QzlOyGC_h2Zs","auth":"Nfc2PQxEFK8mgE5T4A_T1w"}}');
INSERT INTO User VALUES('google-oauth2|108763211567151141067','Nuria Sanz','https://lh3.googleusercontent.com/a/ACg8ocLeHvN5gINc-QZZ2nn0DOyQar_Uods8jt08C3nJM5VdBseXs9Y=s96-c',43,'USER',NULL);
INSERT INTO User VALUES('google-oauth2|105833940015837332909','Azucena BM','https://lh3.googleusercontent.com/a/ACg8ocKzfbKDtd9VwuDQJ-XipRkc4AIRnOLa04ssuCf2StloSHX5kVA=s96-c',23,'USER',NULL);
INSERT INTO User VALUES('google-oauth2|109724296803449340280','marcheniya2014 silvia89','https://lh3.googleusercontent.com/a/ACg8ocLGPmzE-pCqvjcicRXCnBdoyyPa3rXR5IHqNohMZkqODzU_8g=s96-c',24,'USER',NULL);
INSERT INTO User VALUES('google-oauth2|100932822476997826415','Judit Rebollo Molpeceres','https://lh3.googleusercontent.com/a/ACg8ocKV3pZaOGCyREm4gIRhHQT8MPSoOgYWiwbYeV3OH6Pkc-na1NZg=s96-c',26,'USER',NULL);
INSERT INTO User VALUES('google-oauth2|111322389439024292354','Carlos Sanz','https://lh3.googleusercontent.com/a/ACg8ocK1ZNu6x_JOwZh42spEoJYgTuEI-1T9H-EMqyyquChMGCYoUg=s96-c',25,'USER',NULL);
INSERT INTO User VALUES('google-oauth2|109582527990246510718','Jose Ramón García Esteban','https://lh3.googleusercontent.com/a/ACg8ocLDwQMFcsMdr4gFAcGsO_S8GYwt5VeA5JVVH-5IChHBn0uZ5Ro=s96-c',14,'USER',NULL);
INSERT INTO User VALUES('google-oauth2|112140042793742757226','Noelia Castrillo','https://lh3.googleusercontent.com/a/ACg8ocLnb7KBPCm9ViYUu22Hpdk8wjD0FVwzWmwVFj_ND0-tJGTz-yOj=s96-c',34,'USER','{"endpoint":"https://fcm.googleapis.com/fcm/send/cgvgn7xwh5E:APA91bHh-rDkyAXEvW6w1TnlpeUaVSCYv4Cf3uR2RwdAkPQMZdhwGKBN3MmcJzMvbp_zvFexr_fxVQLZ6ywScoXQ2hsCcnWMu8FFK4jnuF9V70izdQpxxY-p_cGYyaOsblQV-Sq6QBe0","expirationTime":null,"keys":{"p256dh":"BFZ-wEG5ol7tkeYcZjZXgGk5LEOz_g1COP1Hitvgs0neHpF_uy04Eit53wlfMwpQIRVef98zAHVSiIMSvUWfP68","auth":"-4_-1RSjlS7LnKpu2QUiXw"}}');
INSERT INTO User VALUES('google-oauth2|111518151990301966222','Roberto Chimolas','https://lh3.googleusercontent.com/a/ACg8ocJNsB2L1S4btKcKNDvmaouQ9EZnDY7FJTk3lghhS368_0f7ww=s96-c',32,'USER',NULL);
INSERT INTO User VALUES('google-oauth2|105832137330928624690','Olga Sanz','https://lh3.googleusercontent.com/a/ACg8ocJL1BgASEXS1zrr97lML0gf7HLZvHktmrKAmhyLYSgtbeTuvg=s96-c',34,'USER',NULL);
INSERT INTO User VALUES('google-oauth2|105980861178437110922','Elena Sanz Martín','https://lh3.googleusercontent.com/a/ACg8ocJotprkp9Fb-9YMskKvrhfGgUP4OOGtxQkWAcSLXCmGAkJqdB6g=s96-c',34,'USER',NULL);
INSERT INTO User VALUES('google-oauth2|116008040225096604094','Alfonso Sanz','https://lh3.googleusercontent.com/a/ACg8ocLAEEDS2QDS6m2XJo2owT9dWPAAQAZciCNrufrs1pkaEdezYQ=s96-c',37,'USER','{"endpoint":"https://fcm.googleapis.com/fcm/send/ffajfD__c7w:APA91bH2pG30ilcgPeAxTMVhB0oniD36m-RYzpdqYmjxXyG9x8_XvPasuzaVTTCdJHLcFk7P3eIDoENUts2iwiPJxQ0tApHMMnH_eFahL-InpM0VExnuphipU52VMQEBjVfl_7nBTRZF","expirationTime":null,"keys":{"p256dh":"BHhyJpxmDSlAoASPQ4HVIjRdIme0cbAtiwgDJbRlQjrC-vJDHNPY8oNAF2EQOnWFxkpQgT5-rf2blthPKAirBlc","auth":"ZCtjuUdAnr4gmtVUKHSNww"}}');
INSERT INTO User VALUES('google-oauth2|112907068811992143823','lope','https://lh3.googleusercontent.com/a/ACg8ocJ_UTp_cz1ziilQY4t_bfE4HrpznxjwhymODeBumz5YmVKdUA=s96-c',38,'USER',NULL);
INSERT INTO User VALUES('google-oauth2|112441836777071233414','Iker Diego Gómez Carnero','https://lh3.googleusercontent.com/a/ACg8ocJKrW0eTWCUYewSYJEAjZjlhdboZ6yCI6ZrugHcKKNaUYXltw=s96-c',14,'USER',NULL);
INSERT INTO User VALUES('google-oauth2|107082958523381576491','sr gz','https://lh3.googleusercontent.com/a/ACg8ocIt2E5mOiQ6fZwR2HKhbNUe5eKczU-q4rxgRZ5e85J7Lf5ZWVuHNA=s96-c',34,'USER','{"endpoint":"https://fcm.googleapis.com/fcm/send/eWmqjWHBihI:APA91bETxWdwBtmqNfcVKwK9YCUq7ncD5uhgWD6KUbHYyVlsEXAQ1RMTztinnaeQ_W0-TM8PKNWwK7WUfRdNwdK7-hLVp-KDeY20EaBybgmIODLrBKeOF_Uj833yiQE1I5JacopRzvhZ","expirationTime":null,"keys":{"p256dh":"BHOFyvkwcA9GYxdtOc337txQqi8ItDH6DNu_HAEn6NZypcCvBs0N5lo2Zb-klt-bh3k5UeQn5g_IbR-FGIsGKd4","auth":"SlQ22i34W9BMaDGvrmZR5g"}}');
INSERT INTO User VALUES('windowslive|6f556e05b47ec89e','RobertC','https://s.gravatar.com/avatar/95a18fb469df18fb93942dc0b8f4a446?s=480&r=pg&d=https%3A%2F%2Fcdn.auth0.com%2Favatars%2Frc.png',NULL,'USER',NULL);
INSERT INTO User VALUES('google-oauth2|116938703750093170034','pablo ojero muñoz','https://lh3.googleusercontent.com/a/ACg8ocL1VvxEQGA98quskV-yPVam6KHHdZ-CaLlBhCj3BuC8BacFRg=s96-c',47,'USER','{"endpoint":"https://fcm.googleapis.com/fcm/send/erZQlK6sKWo:APA91bHIyCurQjsEZeFwjzbbzy_BaEUbumpvFAajztGJW4CQcYjOMVkmP2ojUnf6a5P1Yu0uZzaunxbHBRUu1QRpkNsQHIOjycFfC-hpiJTzIymEIpRyJk071xGeEThuT696ci0ZURWu","expirationTime":null,"keys":{"p256dh":"BNPFDg8alyIacHhibWTsOWK0URJTa-k_C2mx5o9ULWdCuPiq1BGeeJ_qyPwQO04uinGNM9z2HcWQciLVWNTTbSw","auth":"2ID8LycdIO5lfmFbMfSqsQ"}}');
INSERT INTO User VALUES('google-oauth2|115745414005612030148','Patri','https://lh3.googleusercontent.com/a/ACg8ocLVeBJ5PgLDNKmZfjAyGbVk71fzG2juEx7CGCTIEpcOU5TNHQ=s96-c',30,'USER','{"endpoint":"https://fcm.googleapis.com/fcm/send/fUZvlXkfdwY:APA91bHFuEQBr8Nw4U0PT0VasnS8KG261a9-ur-G-whSymKbmhFgDynzw0TBqheVt8zmSdPCUUj9taXW6sveCrAjRJrWdtpJ2dLtY7bIBLTTmijRsm0JhaQNwszsojgMv5xbHE-snlf4","expirationTime":null,"keys":{"p256dh":"BDZ2W1w_aYJqcUvq6kDNjIzTtSPx8V0OsvG-pune3T-eHLSTBljSAY89xubf3Jr-du0O__vO8f8z4y42rERtWig","auth":"F_buRzW7DdqO-bivQZQ6-Q"}}');
INSERT INTO User VALUES('google-oauth2|105817263497980622672','Rosa garcia','https://lh3.googleusercontent.com/a/ACg8ocJcuqZ_LP328zHVjFx0qdl1EJ865WTgkfJTfD8-L0NB8O87hg=s96-c',NULL,'USER',NULL);
INSERT INTO User VALUES('google-oauth2|102617604544714125372','Adolfo 1521','https://lh3.googleusercontent.com/a/ACg8ocKGCmD-rrWlexmgQbZlRCC2Ptkz6-5HBsKjmHGyZ7QwbVIyAA=s96-c',42,'USER',NULL);
INSERT INTO User VALUES('google-oauth2|109734625965455873760','Mikel Lopez','https://lh3.googleusercontent.com/a/ACg8ocIefrIcZob_9zLzRVv8jbn-vRICQ0ERciAjwvujURxkTnK_kg=s96-c',44,'USER','{"endpoint":"https://fcm.googleapis.com/fcm/send/dFm4oPJgNbk:APA91bHNWb9LeraaT2aKfmQfGdyMzCkcZvoa_Jx9rpdS-P-oKqarobBJX0tPDGokizhvQ5RrMPwnqnBkaVcdulwSQ9CWaYb4GsY82Szm1iLhGFrQDRo_6xYlTaNHAvv8EickypwjEryh","expirationTime":null,"keys":{"p256dh":"BFUxO0XllHqkT3RtJU_mKI96T_ElCc7F604fYsBNqlkCmL77mAeAlbsy2SK6G-dE-pTmJolUD0v8UCdj3y4oZSY","auth":"lLhD0k89Xh9wfDLjumKjJA"}}');
INSERT INTO User VALUES('google-oauth2|114841162893839735330','Víctor Sanz','https://lh3.googleusercontent.com/a/ACg8ocLDvLgh4YQ39IDWLOgxocL-M84_S3OTJfKV5AqRW5J7Z5ik4g=s96-c',44,'USER','{"endpoint":"https://fcm.googleapis.com/fcm/send/fFQyQ5uIKlg:APA91bEMm63roUllW9xv8nGtkaZLeWtiQL9nYgyBAL7cAoQShz4Qw_Dy8jp7dvn9GzjK40hTXk2nKCD4aBiJDJIJQ9QISbLe1H5hYsEH0_v00e40HsqvhX2sY8JmWJqEatYX62JeBONe","expirationTime":null,"keys":{"p256dh":"BGAwsQWXjnIqkOWqP3tCuW4lDd_ASkzQuRU8YbtdvGHImdaLPmGiSv9K2U9qzusSbMwj9fP3vhv7gFjtqZuBO_0","auth":"Q1PsM3J0QgY6fRdChfUEPA"}}');
INSERT INTO User VALUES('google-oauth2|115386745158487386248','Iñigo Sanz','https://lh3.googleusercontent.com/a/ACg8ocIlKtlQ-1KLByoTpEA88nPigJAuVPYDBxYOj8TUkdKQBTCBziv0=s96-c',44,'USER',NULL);
INSERT INTO User VALUES('google-oauth2|101283017250996000337','Nuria Fernández','https://lh3.googleusercontent.com/a/ACg8ocKXJdVU2IevtoDw_EsFpFiTUjyIH6YIpsVMyebEhDjDk_mqaQ=s96-c',45,'USER','{"endpoint":"https://fcm.googleapis.com/fcm/send/dLcRD8jnvOk:APA91bEYwGIOQK3pqNndZttMmVEYq65RQOZ9Qatv0Muxi6d3zKd8aN5pHt2xCc2nvcUxgTCp-aQf_LUOuJB4s-5sEwwAki70SjUJILMyVH4E6KHtmXtojcqIm8TSExCc8Ny8z_V9gESo","expirationTime":null,"keys":{"p256dh":"BAzSP39Xt-NlXsgBb5Ff--HuRVYwR9EcDpOCOyMNWwR5cD8XGPdP3sHVBNeUFAhJacxaGL7YK03lA-NWVK0DwoU","auth":"G6Kb_j3dHghKBFhJNevJ2g"}}');
INSERT INTO User VALUES('google-oauth2|104265303182233776112','Sofia Perosillo','https://lh3.googleusercontent.com/a/ACg8ocJAc0CohgD_UnrRtg17zRu9BK-jS1uPvAdQlzzFaQfMKC4Tzg=s96-c',46,'USER',NULL);
INSERT INTO User VALUES('google-oauth2|112642585563856417666','lucia gutierrez','https://lh3.googleusercontent.com/a/ACg8ocJj8WooAu7loNnHi76jEnM3dcr3j7HMqX0PjBldXQFmrBGhR5dr=s96-c',NULL,'USER',NULL);
INSERT INTO User VALUES('google-oauth2|103229962297652174272','simelcb electricidad','https://lh3.googleusercontent.com/a/ACg8ocJViqWLW3vC_xXp2xQr0210V3nHpDZVF_Iae-dxrTxEpByyyKs=s96-c',NULL,'USER',NULL);
INSERT INTO User VALUES('google-oauth2|106899921611826098652','Javier Velasco Garcia','https://lh3.googleusercontent.com/a/ACg8ocJF7xzrKyYMX7WdLqZEK0oSEtcdy3jJEewgVLupVWT7qOuxag=s96-c',NULL,'USER','{"endpoint":"https://fcm.googleapis.com/fcm/send/f98FYEhtmiQ:APA91bEtGKJcrNL-xGakEFmUbU5V2SBGbFmaYmmzHifuHG1YZpz7dTg8U2JeuuIqyjMdpLn1ny79W0TR-X2t3fTEZzk_rtl9LivkZx2MkTtprfc9zHNHAU4PyxarY-GBT6gqAu0ah_IP","expirationTime":null,"keys":{"p256dh":"BLyYNCEN7m8dKnDNsMOxcNfjGKD0w2snVFt_oy3L7EaTELxQMBuk164voxN7D_ypBpbem524e2ustHFLrKA1njE","auth":"OFv-g6CqFX0LRucQTygmpA"}}');
INSERT INTO User VALUES('google-oauth2|112118855523499273881','Daniel Gómez Merino','https://lh3.googleusercontent.com/a/ACg8ocJWAc_O1ANeEzlaWWk_e8Q-fuDa0QWNMK09NzSyB_IKXfwkbAk=s96-c',NULL,'USER','{"endpoint":"https://fcm.googleapis.com/fcm/send/dHvx_x5n_K0:APA91bESdA7xVyVTCgxDij0c1HpTgEaQLe86lDgANNCAbLi40x33h9lBSFVpj7B5f2tXgrkIVPJ80UGM8F76k_3L-tQ2ZY5d3GOwuvnPs5s9QVacH_dDp2vYf1BNKwgIv1FAptb0n7oV","expirationTime":null,"keys":{"p256dh":"BHxaPZVrCvtfECnu8sUn8PexYG5pfOJ5C0vLYNmG-xfW17te_xQPFYIhZRFd3AEzf3-Wzz_VURbjYbWvy7dUrBs","auth":"2taoeMblxMFn9tYM5nFIeQ"}}');
INSERT INTO User VALUES('google-oauth2|114300227124805500825','Marcos S.O.G','https://lh3.googleusercontent.com/a/ACg8ocLwf861DxKF2NZ_IVIFVILCdFFiFQnTcD-79zcwSrpwg2kxMA=s96-c',48,'USER','{"endpoint":"https://fcm.googleapis.com/fcm/send/emrJdovMy0s:APA91bHexlJ-4KHroBsysHijxeutweUYT_xa1E63i5wuxMiYbcu-OXFgzVJzrLuyloPgwO1_0EZ1ag06tOqWphhEsoME0StWhVDWCShbggtx2l2_pPXup2yzoBhJYiFTy7MFpWIjOe_e","expirationTime":null,"keys":{"p256dh":"BCMCzUkt916_kt49bKCZ3-J6G030Vfynl5yX2QZe2UR05vKrpvKjy83dvxhOOdLaMkDbSz7nrKQQwmp2zufZ2jw","auth":"9ucbbWeiZdPT3Q-lmRexTQ"}}');
INSERT INTO User VALUES('google-oauth2|114636628177042347946','yosoydieggo rodriguez martin','https://lh3.googleusercontent.com/a/ACg8ocLIi_P8IXX4GlsvP8DCYrWbrDNDudWz2a4Ug8pFC3ULG3l9vX2s=s96-c',NULL,'USER',NULL);
INSERT INTO User VALUES('google-oauth2|109960628803904430618','Óscar','https://lh3.googleusercontent.com/a/ACg8ocJAXt80l726LVPD7DRfc2RxsutAduWYtiJt0-MOP37C_XRsNXI=s96-c',49,'USER','{"endpoint":"https://fcm.googleapis.com/fcm/send/dMys0rRfTnE:APA91bHkYXOj-vOOzglpi1UwfDyuMtyy-tVq_YqunoSS6SJ74DbKDS4J7ZN9n0c5UQQy-QJCUv0wPpIu4P6t337v-ixZhaTNX35if7fhY3pQevtx2u72SKTiZ2b_gnyQVRvfb-Cv1U2b","expirationTime":null,"keys":{"p256dh":"BH-JlBK6oS1RqJaAWGgPEKDHCnUZYELFJXcZU85y_g9Rv6HhyD2pc04HYf5J7jThRPng4ZaE6miqh29TkCcvVjE","auth":"DylwxnQZUH3d6DRDzEjqDg"}}');
INSERT INTO User VALUES('google-oauth2|112307824382057588683','Samuel Muñoz','https://lh3.googleusercontent.com/a/ACg8ocJIChYkFqkGAEeUIoyBrCEQVZFmhV7zNxQB0RaD9mBAs9Hs3Q=s96-c',NULL,'USER',NULL);
INSERT INTO User VALUES('google-oauth2|115335451505105747660','Sarandonga ','https://lh3.googleusercontent.com/a/ACg8ocLMUY9vxzY9UXkBQxciH2Z4mKgtWbzNQxmhbc64r7DD1sG8rg=s96-c',50,'USER',NULL);
INSERT INTO User VALUES('google-oauth2|118077651108626909648','RÁ','https://lh3.googleusercontent.com/a-/ALV-UjXn6YJEq_xWoCQXPZHKbaZBCZersK1xpkzXCFcaFmhcEdGWMUZ3CQ4950bfCkexhNHjH-jCSp5ZxD3xbAOIJz0B3cj8DqFaPp4iJ5Vb5_TcebFJJcZ2jLMcXoOmzO08XMjiEzB5MJitGev8ty3WZEIoXszrZhQbXh4c-fkjy4WIvA6jTKbNFdiy9mD5SI4kTfyJeOrF2UzEcWC-TkI-duYB-EG49OowmwLNiaASrbUU4H7wsSbI66xt2gL0FaZCxI2Jp_ZzuYoGANMLet2E1uadc7cpjMQ6NTEnNDp6PakphHTfLm_URrNCgnStFVa8SI7-6lKOD0oYNR0zvM-TzlXqxPYsE1Ooo0PHeitXxVLEMGjMYy9svHKo6GUbaqFeEoKrLpo6t0gn8IieqZHFoA55Spiy7dmMWQBYq6-t0_JSA_uywjvjTDBmPIGEC0lIu_oGu2K1ksGd0_gKS2siicsLCu-OO9USaQMtjQ3wqcdowfz0bk4Q7uzNs2QCvQfGeuSqc9dLgSn38WWrt68z8qTvgwIXCSu2qKrq2SNM097Kzu13rWKxKWGiRy8e9UmO1c55LUN15yk2M6r5FGvRLTTTp2lQctY5sclxS0LANRu8AF0ec-yv8HMlfQkPstMDKqWNQr9ulW8hThzPdvNnnD2-klq5A9SjHL4FIlaTuLGg4VigTzL3I_8QG_qcPvuKItbcF4Xh_judzR1X43oiNWgmatQkJB_PTpAEGNmduA5i-7W8V6wEkaoA1VORCbHGsFXEcDfS-ssPBAVYfIdHJgAdjOlSBDkpgN321mWaCcgT6ppqok-qSK45l2SKf2Rr0TurosxlAfxwVBR4AkCDT2pKln5GW17W-yqOOTTeyfwlodG2qO56HJZGubTY3dTfvRtv-Pqgn-SyPcNkxeyvvmLOWB8I73GiOu_eg03DlbloOM5m7U2zsyXWkVYJ-MR76Qt-dyGmswLuNBGokDueI1sTYXU=s96-c',36,'USER','{"endpoint":"https://fcm.googleapis.com/fcm/send/cfq4p1QQyXY:APA91bGGeKTbxz74CcWvWfKeBbyy6-z8ewpBcMtYSJt3q8lFHoH8vYVdqZBYi9cYtuMvZvdeDVmxcdu3Y7j3zTYSkbjrwx0QRfO2661Ubpx1Wlbr0VsGk4iNNpdW9Pu18_DhxvKAYi-d","expirationTime":null,"keys":{"p256dh":"BO_z-N05NeKEBIddmV34ndKZhB94tvKFb-lq9Assgr0wurYdCDVDsy_KZ0KYqk59c2og3sDir5QztS1641klwJQ","auth":"lRwAP_OkqpV9xQ8aghW0pQ"}}');
INSERT INTO User VALUES('google-oauth2|112576436949895148086','Javicris Sanz','https://lh3.googleusercontent.com/a/ACg8ocI9iD9BmuU8tcEB9nMc-kZM4ELwokVDnZmwxlnwpH5jQVm5tA=s96-c',NULL,'USER',NULL);
INSERT INTO User VALUES('google-oauth2|100574528529906618769','Merilla','https://lh3.googleusercontent.com/a/ACg8ocJMHfFSL3hQfYm6LXYHm38BIR8fyZOp38kRX8ijsWb4j9-cVfi_=s96-c',NULL,'USER','{"endpoint":"https://fcm.googleapis.com/fcm/send/cVSt5sK5ND4:APA91bE8zrafv4yZE7f-VYmBDxS3nNOyTBqE_q8YOMsydBOzUPJaIO8dVuvueY4ODJ6-lNTNhDJYeBlOPbQWlhKG14FobCUJ9cD_I4nYAm_ypDo-HW6pbfW6Tff8kIwyGzZvi8TKlHts","expirationTime":null,"keys":{"p256dh":"BPkcciz6F3mIcWbAopiooR61K04eoCX-LeRwS_UHy4cR6_wCX_n4aCbFzfqU1DehLnHtD3T3mKX1PkI7fe--Kuc","auth":"DTMF2lprSpQVQhP7cZ38Fw"}}');
INSERT INTO User VALUES('google-oauth2|109703437218615022641','daniel merilla','https://lh3.googleusercontent.com/a/ACg8ocKeroVyDu6WAkoAlKJJfWp5rYLpuYGqTQBSBcTp_KMoJV2dJg=s96-c',52,'USER','{"endpoint":"https://fcm.googleapis.com/fcm/send/deCWkdlPV04:APA91bFQIDSdSEqwIMkAjJ2y2YbbmKNSPSybdSdayPCkfx79zfhaY7S3qqTH48ww-O_AjHUOYflc2k0BsWwmM--ZIO7A8I1_0q5IlQv0CatHamacan7UIsnKlguwbisJ6OMGew0M5YSc","expirationTime":null,"keys":{"p256dh":"BNI-MoPn5Gfcj3JXhR_2G68KciT3Y2cuRUBjK_gmUDoUu3c6PprgnOEzd0n1oSFLDXBFAkq2EIu2-6wMoAZFti4","auth":"SJyQWper1DCAS6TzGlWRlw"}}');
INSERT INTO User VALUES('google-oauth2|104087270005866273163','Raquel De Pablo','https://lh3.googleusercontent.com/a/ACg8ocIjSC0i5CSpLBrI8zU0vDJw2Tn3LW3KB4r02KAMm_u5Z8EhvnVvhg=s96-c',NULL,'USER','{"endpoint":"https://fcm.googleapis.com/fcm/send/cnmpnwi0jdk:APA91bFi1VH0kFDji8hvQQnVZ7mLmORl7lvfYmTqlu8RIIgIYXR6FGeRF5avmlJ7J3oG6xK4F8xfLYwJwqnP2lCWWnVxF7Pz00BQ0NSeHl2oratVipm4zNK0IzxmRTh4xgeaqleM_SzG","expirationTime":null,"keys":{"p256dh":"BLlMIcKygZcelOeQ0DAgMI8jbmU47sZBN-8CZye1SiS_FEK3s4Oq1BLkg87GCEr3-hAutZKabL_SpvVRCWAKvpg","auth":"woTmjIw2Q2GCHEcATZTZ8w"}}');
INSERT INTO User VALUES('google-oauth2|118088665557123852525','Eduardo Pérez Cuéllar','https://lh3.googleusercontent.com/a/ACg8ocJrHPjOwdzU9yDCHHUM1lHlRDWO_dsFmvjeGrHoyomkq5mr06A8=s96-c',NULL,'USER','{"endpoint":"https://fcm.googleapis.com/fcm/send/fB8PjKu-psA:APA91bFOIm6bk7N8Ys7n7rWbxsumo2Xj6FVgQblPwmke4DFuhzPlPv95eB1umDq7N9jK4ydZHVbqZ-D3wUemWEzRVGi9isds4hYY9vfpllt_vayPNHFBPVwfZgFSs5OThfrrIuszCWi9","expirationTime":null,"keys":{"p256dh":"BH2zvO2Ko3mSDldk2ZZLiGN8LdLaw6mM8sn0gg0LRdxQ_pHopFDs5Kb5hHzg_N6mvChYtYta9JaXlcsgRa8f1jo","auth":"BhW-4WhAWrQRG7yie5L9_w"}}');
INSERT INTO User VALUES('google-oauth2|102272674543321088987','Rebeca Martin','https://lh3.googleusercontent.com/a/ACg8ocIRkwyz8Ff3EOaEqjOywaUOSxtPBB_QRkZ2ESKZ4kZ_oUwqcw=s96-c',23,'USER','{"endpoint":"https://fcm.googleapis.com/fcm/send/dTtWmKV75Ko:APA91bGGJDgQ9D8wCiyNRN2U-td9AEg_ItMw3SNxOSRHCT1-1tl21bDL3Xrv9_VGagL9rrL1icN5SzCR7GZFn2h01OTZt26wQmcCvg1DTkTTGkFJU2_5lRJDrhxGXkqnzffJ38FLVKKA","expirationTime":null,"keys":{"p256dh":"BAz88vOGv8a0uVFXzzJU-9uoRZP3G-aSJ_evgrimDk17G5Mn9P-En5yBBRhOEuq_BuHXMINr_UA_aY58Mi_pS7o","auth":"2uXnQI7BEMFFC40AbzH1SQ"}}');
INSERT INTO User VALUES('google-oauth2|103469789179414180335','Alba','https://lh3.googleusercontent.com/a/ACg8ocJfU-ZOtTDMkfi63tDkTmwa1-mmouievGD7EFXUXE3wAoXVh1x-=s96-c',NULL,'USER',NULL);
INSERT INTO User VALUES('google-oauth2|107547206300451059500','Cristina Cordero','https://lh3.googleusercontent.com/a/ACg8ocIO1i6Z8Y-b6u2bwmt7bYEXyQnsUgM-FOb54RHXZawjXz6OsA=s96-c',NULL,'USER',NULL);
INSERT INTO User VALUES('google-oauth2|107183929362529295481','Victor Garcia','https://lh3.googleusercontent.com/a/ACg8ocJhivFuCF81tr5Q6WmrQTGLQoVcprHpo2IxjoYq0t9BnApvY6-O=s96-c',53,'USER','{"endpoint":"https://fcm.googleapis.com/fcm/send/fLlBrlEhFyw:APA91bGJ77AgN9mDCJ52Zj9FNx182vYTb1Ctfnz0lILdZObIInrfm0PjOvk8yW6yqyVRRthzLOtNbleYnN19tXAc6BPjkXRK1QiaYZo7_gVcqAxdc1J8kUZ0RAX_ekWKC0Jnb8J2iu0s","expirationTime":null,"keys":{"p256dh":"BLPncPqiZjFbSxd2YHbM_1vmn2o9l9FAll8Z3NLLF-VHUv4I6qk82N5ErBP8Ykzwe7SaOlwHORKGd4tWeXHB698","auth":"SDll_U2Goy3XWmV0D2NyLw"}}');
INSERT INTO User VALUES('google-oauth2|111871620634721174328','Jose Miguel Gomez Prieto','https://lh3.googleusercontent.com/a/ACg8ocI8QHfJsJgxNaNL1KWd96dSUrN_k8K_9JqAGpqO6AaNoH3mYiA=s96-c',NULL,'USER','{"endpoint":"https://fcm.googleapis.com/fcm/send/fNwqt4ePU5g:APA91bGEFlgrtAIi4i3Skgxat1pELKsu49p-O1eeVgyU2a3kzbOfU09m4VYn_2zsKyFu2iiuuTe5R22O2WTtKy_JPSvEHWjeeLmJPN8ussbkhJBwse6jjobNg2M4WpOfYDIyyVuVmm_a","expirationTime":null,"keys":{"p256dh":"BLhe3IH6vJxbWoRSH0CYSzUuUas-OiYW0nQstMOzbZpjg8Kd6pq8jVihxltJEgdXELYt67XEjgv1PTRFx_ahig0","auth":"gkzNtVFZXbyj21o-pWUnPQ"}}');
INSERT INTO User VALUES('google-oauth2|110272568822480107103','luis sanz','https://lh3.googleusercontent.com/a/ACg8ocKHpqqZN16NZWC6XiJT18YCq4xkjtz3APoHw9swepeUm4yLLZ0=s96-c',54,'USER',NULL);
INSERT INTO User VALUES('google-oauth2|112408720889982915362','Cantabron ','https://lh3.googleusercontent.com/a/ACg8ocLJ1vNmlEwkU1pySUhF0sIOlq8QaL05fVDtqVGg1mib920rZw=s96-c',NULL,'USER','{"endpoint":"https://fcm.googleapis.com/fcm/send/ea1J8xuwrqo:APA91bGuC_3ue_F-zsphWeXgvB7AVbz16YZ1GGB6iq29cL5sEkVhZQXQ-OGfKwYu993CNAlsZnNG2vxkzCryaoijEldpf6I9nexWwsRQ_Zew-3VlAjda8jkupe2UfPT9Bx0Rt30fu7VU","expirationTime":null,"keys":{"p256dh":"BLxy-J06sWIKrjuA-dNdHzr_tilT1uE_fikM_juZdwA-b8qk0BtRMCJ-bdpq6f3tbiyh1T_vxgWHe6rlWL48QgE","auth":"Z7GoWIK1aJyXLY7hDv079g"}}');
INSERT INTO User VALUES('google-oauth2|107574870698004538227','Roberto','https://lh3.googleusercontent.com/a/ACg8ocKfTVbq3wU7KwToABJEKPzCeqHIcyzYcMxmk7KdSgbEjo4pQVqa=s96-c',55,'USER',NULL);
INSERT INTO User VALUES('google-oauth2|116013211202686631275','Francisco Martin Becerra','https://lh3.googleusercontent.com/a/ACg8ocJZCw5GuMopgFZZM88BRPeuFv2LxDrOvVHfCxQwANfB0IuaUA=s96-c',56,'USER',NULL);
INSERT INTO User VALUES('google-oauth2|111719276593144315161','Angelica SANZ SANZ','https://lh3.googleusercontent.com/a/ACg8ocKOxcOrxZ5hNG0bAijIU2_kcCd5xLKdNNYjaHMqscB0SYZyyLFc=s96-c',NULL,'USER',NULL);
INSERT INTO User VALUES('google-oauth2|101854096859156202937','Dani','https://lh3.googleusercontent.com/a/ACg8ocI2HiQruqo9IE0cUCulApucWT5JM6MvwDusi2zZyv9fHFcmpg=s96-c',4,'USER',NULL);
INSERT INTO User VALUES('google-oauth2|118132997052185431996','Noelia Novo Martín','https://lh3.googleusercontent.com/a/ACg8ocIsqoXxbmjDXXkuwqxqjrRnr8WdFxA0oLOd8bb8n03CojPhs529=s96-c',9,'USER','{"endpoint":"https://fcm.googleapis.com/fcm/send/dqnVQ0tn1bI:APA91bGItGul8DbmELv57AnWyaZlyyLY8OLgDhEBkKcYbyQDDeNOXSXKzUI4rw3z_Rr4vOaGeSbSzX-yYAGdGS0n78TBVZNPTDITPqYTWKTcwJB2ERHlEG4qd6Sh4zuG5xvDOPH5Ry50","expirationTime":null,"keys":{"p256dh":"BH_p7pXoS7_rJZi7Ub8r24HvqjndzcfPdVta657KU0oSAnoeOlzhFJnWQt6UizpDjwnCRqiTH9XrNRYT030REs0","auth":"eSDI_6AOFgaPqg15Wtseqg"}}');
INSERT INTO User VALUES('google-oauth2|109087518970122361035','Rodrigo sanz martin','https://lh3.googleusercontent.com/a/ACg8ocJ70v9m0Iu5CoLLwpNZ5jv-xEwSVwMZFBc4b8I_C5bsa_vdbg=s96-c',NULL,'USER',NULL);
INSERT INTO User VALUES('google-oauth2|112478611190602722424','begoña velazquez','https://lh3.googleusercontent.com/a/ACg8ocI5idWiBUMUb44TFSjzVkd0Qd8ncfaYiDiOf2jc58wc-Tt-Hg=s96-c',NULL,'USER','{"endpoint":"https://fcm.googleapis.com/fcm/send/dqFxbQHnNUc:APA91bHbpKNBcUs4E-p0BgxoavklUtFbj3BVvLIUkGSl3f4UTH_3ov_8O0Fr6wSEarI7J36mgwPWyY7x4gM-rOWkgEUgc0ZrS-tBNbaYU6dY4CraaLq6Leh3fKxoVxo3jWZzPEzm222M","expirationTime":null,"keys":{"p256dh":"BNXw113PrZflPUP2XhN_D49cef50cE-J9_J5KYJvBNih8oXxJB7fsuRSAdmYf0SbQObW_yDKdvbFYOGzjxF0318","auth":"OXvvT24lsx_f9c-35fs4_Q"}}');
INSERT INTO User VALUES('google-oauth2|103197441182942466518','Lucia Becerra','https://lh3.googleusercontent.com/a/ACg8ocKbs2-2iCx4_acuVw0iSc3eUn0J3qP-VPAMlOOYn8KhrWgJLA=s96-c',9,'USER',NULL);
INSERT INTO User VALUES('google-oauth2|113823846399030341881','alfonso sanz guadarrama','https://lh3.googleusercontent.com/a/ACg8ocKowNb0i7EGCC85rQ74nUQD48l-KEjoN5bwKZVi9-vXZvONYg=s96-c',NULL,'USER','{"endpoint":"https://fcm.googleapis.com/fcm/send/ffajfD__c7w:APA91bH2pG30ilcgPeAxTMVhB0oniD36m-RYzpdqYmjxXyG9x8_XvPasuzaVTTCdJHLcFk7P3eIDoENUts2iwiPJxQ0tApHMMnH_eFahL-InpM0VExnuphipU52VMQEBjVfl_7nBTRZF","expirationTime":null,"keys":{"p256dh":"BHhyJpxmDSlAoASPQ4HVIjRdIme0cbAtiwgDJbRlQjrC-vJDHNPY8oNAF2EQOnWFxkpQgT5-rf2blthPKAirBlc","auth":"ZCtjuUdAnr4gmtVUKHSNww"}}');
INSERT INTO User VALUES('google-oauth2|114398174217494601644','Ru','https://lh3.googleusercontent.com/a/ACg8ocJukkEA0h18ODP4K9txjHyJMfzW3PofBxFYcQs-IIpo6VyitQ=s96-c',NULL,'USER',NULL);
CREATE TABLE IF NOT EXISTS "_GangsVisited" (
    "A" INTEGER NOT NULL,
    "B" TEXT NOT NULL,
    CONSTRAINT "_GangsVisited_A_fkey" FOREIGN KEY ("A") REFERENCES "Gang" ("id") ON DELETE CASCADE ON UPDATE CASCADE,
    CONSTRAINT "_GangsVisited_B_fkey" FOREIGN KEY ("B") REFERENCES "User" ("id") ON DELETE CASCADE ON UPDATE CASCADE
);
INSERT INTO _GangsVisited VALUES(4,'google-oauth2|101504708054193667330');
INSERT INTO _GangsVisited VALUES(34,'google-oauth2|101504708054193667330');
INSERT INTO _GangsVisited VALUES(45,'google-oauth2|101504708054193667330');
INSERT INTO _GangsVisited VALUES(25,'google-oauth2|101504708054193667330');
INSERT INTO _GangsVisited VALUES(36,'google-oauth2|118077651108626909648');
INSERT INTO _GangsVisited VALUES(4,'google-oauth2|101854096859156202937');
INSERT INTO _GangsVisited VALUES(4,'google-oauth2|114609127638845553874');
INSERT INTO _GangsVisited VALUES(33,'google-oauth2|114609127638845553874');
INSERT INTO _GangsVisited VALUES(5,'google-oauth2|115817027658363168738');
INSERT INTO _GangsVisited VALUES(48,'google-oauth2|112118855523499273881');
DELETE FROM sqlite_sequence;
INSERT INTO sqlite_sequence VALUES('d1_migrations',3);
INSERT INTO sqlite_sequence VALUES('Gang',63);
INSERT INTO sqlite_sequence VALUES('Notification',140);
CREATE UNIQUE INDEX "_NotificationToUser_AB_unique" ON "_NotificationToUser"("A", "B");
CREATE INDEX "_NotificationToUser_B_index" ON "_NotificationToUser"("B");
CREATE UNIQUE INDEX "_GangsVisited_AB_unique" ON "_GangsVisited"("A", "B");
CREATE INDEX "_GangsVisited_B_index" ON "_GangsVisited"("B");
